"type","quality","fixedAcidity","volatileAcidity","citricAcid","residualSugar","chlorides","freeSulfurDioxide","totalSulfurDioxide","density","pH","sulphates","alcohol"
"white",3,8.5,0.26,0.21,16.2,0.074,41,197,0.998,3.02,0.5,9.8
"white",3,5.8,0.24,0.44,3.5,0.029,5,109,0.9913,3.53,0.43,11.7
"white",3,9.1,0.59,0.38,1.6,0.066,34,182,0.9968,3.23,0.38,8.5
"white",3,7.1,0.32,0.32,11,0.038,16,66,0.9937,3.24,0.4,11.5
"white",3,6.9,0.39,0.4,4.6,0.022,5,19,0.9915,3.31,0.37,12.6
"white",3,10.3,0.17,0.47,1.4,0.037,5,33,0.9939,2.89,0.28,9.6
"white",3,7.9,0.64,0.46,10.6,0.244,33,227,0.9983,2.87,0.74,9.1
"white",3,8.3,0.33,0.42,1.15,0.033,18,96,0.9911,3.2,0.32,12.4
"white",3,8.6,0.55,0.35,15.55,0.057,35.5,366.5,1.0001,3.04,0.63,11
"white",3,7.5,0.32,0.24,4.6,0.053,8,134,0.9958,3.14,0.5,9.1
"white",3,6.7,0.25,0.26,1.55,0.041,118.5,216,0.9949,3.55,0.63,9.4
"white",3,7.1,0.49,0.22,2,0.047,146.5,307.5,0.9924,3.24,0.37,11
"white",3,11.8,0.23,0.38,11.1,0.034,15,123,0.9997,2.93,0.55,9.7
"white",3,7.6,0.48,0.37,1.2,0.034,5,57,0.99256,3.05,0.54,10.4
"white",3,6.1,0.2,0.34,9.5,0.041,38,201,0.995,3.14,0.44,10.1
"white",3,4.2,0.215,0.23,5.1,0.041,64,157,0.99688,3.42,0.44,8
"white",3,9.4,0.24,0.29,8.5,0.037,124,208,0.99395,2.9,0.38,11
"white",3,6.2,0.23,0.35,0.7,0.051,24,111,0.9916,3.37,0.43,11
"white",3,6.8,0.26,0.34,15.1,0.06,42,162,0.99705,3.24,0.52,10.5
"white",3,6.1,0.26,0.25,2.9,0.047,289,440,0.99314,3.44,0.64,10.5
"red",3,11.6,0.58,0.66,2.2,0.074,10,47,1.0008,3.25,0.57,9
"red",3,10.4,0.61,0.49,2.1,0.2,5,16,0.9994,3.16,0.63,8.4
"red",3,7.4,1.185,0,4.25,0.097,5,14,0.9966,3.63,0.54,10.7
"red",3,10.4,0.44,0.42,1.5,0.145,34,48,0.99832,3.38,0.86,9.9
"red",3,8.3,1.02,0.02,3.4,0.084,6,11,0.99892,3.48,0.49,11
"red",3,7.6,1.58,0,2.1,0.137,5,9,0.99476,3.5,0.4,10.9
"red",3,6.8,0.815,0,1.2,0.267,16,29,0.99471,3.32,0.51,9.8
"red",3,7.3,0.98,0.05,2.1,0.061,20,49,0.99705,3.31,0.55,9.7
"red",3,7.1,0.875,0.05,5.7,0.082,3,14,0.99808,3.4,0.52,10.2
"red",3,6.7,0.76,0.02,1.8,0.078,6,12,0.996,3.55,0.63,9.95
"red",4,9.9,0.5,0.24,2.3,0.103,6,14,0.9978,3.34,0.52,10
"white",4,7.2,0.615,0.1,1.4,0.068,25,154,0.99499,3.2,0.48,9.7
"white",4,8.4,0.19,0.42,1.6,0.047,9,101,0.994,3.06,0.65,11.1
"red",4,6.9,0.48,0.2,1.9,0.082,9,23,0.99585,3.39,0.43,9.05
"red",4,11.6,0.47,0.44,1.6,0.147,36,51,0.99836,3.38,0.86,9.9
"red",4,6.5,0.58,0,2.2,0.096,3,13,0.99557,3.62,0.62,11.5
"white",4,10.2,0.44,0.88,6.2,0.049,20,124,0.9968,2.99,0.51,9.9
"white",4,8.3,0.27,0.45,1.3,0.048,8,72,0.9944,3.08,0.61,10.3
"red",4,5,1.02,0.04,1.4,0.045,41,85,0.9938,3.75,0.48,10.5
"white",4,5.9,0.21,0.28,4.6,0.053,40,199,0.9964,3.72,0.7,10
"white",4,5.3,0.3,0.2,1.1,0.077,48,166,0.9944,3.3,0.54,8.7
"white",4,6.9,0.19,0.6,4,0.037,6,122,0.99255,2.92,0.59,10.4
"white",4,6.4,0.595,0.14,5.2,0.058,15,97,0.9951,3.38,0.36,9
"red",4,7.1,0.47,0,2.2,0.067,7,14,0.99517,3.4,0.58,10.9
"white",4,6.9,0.3,0.29,1.3,0.053,24,189,0.99362,3.29,0.54,9.9
"white",4,8.2,0.29,0.49,1,0.044,29,118,0.9928,3.24,0.36,10.9
"white",4,7.2,0.32,0.47,5.1,0.044,19,65,0.991,3.03,0.41,12.6
"white",4,7.2,0.55,0.09,1.5,0.108,16,151,0.9938,3.07,0.57,9.2
"white",4,6.8,0.27,0.29,4.6,0.046,6,88,0.99458,3.34,0.48,10.6
"white",4,8.2,0.68,0.3,2.1,0.047,17,138,0.995,3.22,0.71,10.8
"white",4,6.9,0.26,0.49,1.6,0.058,39,166,0.9965,3.65,0.52,9.4
"white",4,6.6,0.38,0.18,1.2,0.042,20,84,0.9927,3.22,0.45,10.1
"white",4,9.9,1.005,0.46,1.4,0.046,34,185,0.9966,3.02,0.49,10.2
"red",4,7.3,0.35,0.24,2,0.067,28,48,0.99576,3.43,0.54,10
"red",4,5.6,0.62,0.03,1.5,0.08,6,13,0.99498,3.66,0.62,10.1
"red",4,8.4,0.635,0.36,2,0.089,15,55,0.99745,3.31,0.57,10.4
"white",4,5.3,0.43,0.11,1.1,0.029,6,51,0.99076,3.51,0.48,11.2
"red",4,5.7,1.13,0.09,1.5,0.172,7,19,0.994,3.5,0.48,9.8
"white",4,8,0.23,0.37,9.6,0.054,23,159,0.99795,3.32,0.47,9.8
"white",4,7,0.24,0.18,1.3,0.046,9,62,0.994,3.38,0.47,10.1
"white",4,6.9,0.3,0.36,4.5,0.054,31,203,0.99513,3.4,0.57,10.4
"red",4,12,0.63,0.5,1.4,0.071,6,26,0.99791,3.07,0.6,10.4
"red",4,10.1,0.935,0.22,3.4,0.105,11,86,1.001,3.43,0.64,11.3
"white",4,4.8,0.65,0.12,1.1,0.013,4,10,0.99246,3.32,0.36,13.5
"white",4,5.8,0.28,0.35,2.3,0.053,36,114,0.9924,3.28,0.5,10.2
"red",4,7.4,0.59,0.08,4.4,0.086,6,29,0.9974,3.38,0.5,9
"red",4,8.3,0.625,0.2,1.5,0.08,27,119,0.9972,3.16,1.12,9.1
"white",4,7.6,0.31,0.23,12.7,0.054,20,139,0.99836,3.16,0.5,9.7
"white",4,6.8,0.67,0.3,13,0.29,22,193,0.9984,3.08,0.67,9
"red",4,6.2,0.785,0,2.1,0.06,6,13,0.99664,3.59,0.61,10
"red",4,6.3,1.02,0,2,0.083,17,24,0.99437,3.59,0.55,11.2
"white",4,6.1,1.1,0.16,4.4,0.033,8,109,0.99058,3.35,0.47,12.4
"white",4,6,0.35,0.46,0.9,0.033,9,65,0.98934,3.24,0.35,12.1
"white",4,6.4,0.35,0.35,5.6,0.034,9,148,0.99441,3.17,0.5,9.8
"white",4,7,0.61,0.26,1.7,0.051,25,161,0.9946,3.36,0.6,10.6
"white",4,6.5,0.28,0.35,9.8,0.067,61,180,0.9972,3.15,0.57,9
"white",4,6.4,0.34,0.2,14.9,0.06,37,162,0.9983,3.13,0.45,9
"red",4,6.7,1.04,0.08,2.3,0.067,19,32,0.99648,3.52,0.57,11
"white",4,6,0.67,0.07,1.2,0.06,9,108,0.9931,3.11,0.35,8.7
"red",4,7.5,0.38,0.48,2.6,0.073,22,84,0.9972,3.32,0.7,9.6
"red",4,8.2,0.78,0,2.2,0.089,13,26,0.9978,3.37,0.46,9.6
"white",4,6.8,0.73,0.2,6.6,0.054,25,65,0.99324,3.12,0.28,11.1
"white",4,10,0.91,0.42,1.6,0.056,34,181,0.9968,3.11,0.46,10
"white",4,6.3,0.27,0.51,7.6,0.049,35,200,0.99548,3.16,0.54,9.4
"white",4,6.4,0.27,0.19,1.9,0.085,21,196,0.99516,3.49,0.64,9.5
"white",4,6.3,0.38,0.17,8.8,0.08,50,212,0.99803,3.47,0.66,9.4
"white",4,6.4,0.43,0.27,1.1,0.054,5,110,0.9939,3.24,0.52,9.1
"white",4,5.6,0.18,0.29,2.3,0.04,5,47,0.99126,3.07,0.45,10.1
"white",4,7.6,0.56,0.12,10.4,0.096,22,177,0.9983,3.32,0.45,9.1
"white",4,8.5,0.17,0.49,8.8,0.048,23,108,0.9947,2.88,0.34,10.5
"white",4,7.3,0.38,0.23,6.5,0.05,18,102,0.99304,3.1,0.55,11.2
"white",4,8.7,0.3,0.59,1.7,0.046,10,70,0.99373,3.06,0.56,10.8
"white",4,9.2,0.28,0.49,11.8,0.042,29,137,0.998,3.1,0.34,10.1
"white",4,6.2,0.53,0.02,0.9,0.035,6,81,0.99234,3.24,0.35,9.5
"white",4,7.9,0.28,0.32,3.6,0.038,9,76,0.992,3.05,0.31,11.7
"white",4,9.4,0.29,0.55,2.2,0.05,17,119,0.9962,3.12,0.69,10.3
"white",4,6.9,0.75,0.13,6.3,0.036,19,50,0.99312,3.09,0.25,11.1
"white",4,6.5,0.27,0.19,4.2,0.046,6,114,0.9955,3.25,0.35,8.6
"white",4,6.9,0.25,0.24,3.6,0.057,13,85,0.9942,2.99,0.48,9.5
"white",4,5.9,0.655,0,5.6,0.033,8,31,0.9936,3.32,0.51,10.5
"white",4,6.8,0.2,0.27,1.2,0.034,19,68,0.9902,3.14,0.37,11.7
"white",4,6.1,0.28,0.25,12.9,0.054,34,189,0.9979,3.25,0.43,9
"white",5,6.5,0.28,0.34,9.9,0.038,30,133,0.9954,3.11,0.44,9.8
"white",5,6.7,0.2,0.37,1.65,0.025,42,103,0.99022,3.11,0.45,11.4
"white",5,7.7,0.34,0.3,8,0.048,25,192,0.9951,2.97,0.47,10.9
"white",5,6.1,0.27,0.44,6.7,0.041,61,230,0.99505,3.12,0.4,8.9
"white",5,7.6,0.29,0.26,6.5,0.042,32,160,0.9944,3.14,0.47,10.7
"red",5,9.2,0.46,0.23,2.6,0.091,18,77,0.99922,3.15,0.51,9.4
"white",5,8,0.59,0.71,17.35,0.038,61,228,1,2.95,0.75,9.3
"white",5,7.2,0.43,0.24,6.7,0.058,40,163,0.995,3.2,0.41,9.9
"red",5,6.5,0.46,0.14,2.4,0.114,9,37,0.99732,3.66,0.65,9.8
"red",5,5.6,0.915,0,2.1,0.041,17,78,0.99346,3.68,0.73,11.4
"white",5,6.5,0.36,0.16,1.3,0.054,11,107,0.99398,3.19,0.39,8.5
"white",5,8.8,0.34,0.33,9.7,0.036,46,172,0.9966,3.08,0.4,10.2
"white",5,5.9,0.44,0.33,1.2,0.049,12,117,0.99134,3.46,0.44,11.5
"white",5,7.2,0.31,0.35,7.2,0.046,45,178,0.9955,3.14,0.53,9.7
"white",5,6.9,0.4,0.43,6.2,0.065,42,178,0.99552,3.11,0.53,9.4
"white",5,6.1,0.37,0.2,7.6,0.031,49,170,0.99558,3.22,0.48,9.5
"white",5,6.3,0.29,0.14,7.05,0.045,50,177,0.99564,3.23,0.42,9
"red",5,7.6,0.52,0.12,3,0.067,12,53,0.9971,3.36,0.57,9.1
"white",5,6.8,0.25,0.24,1.6,0.045,39,164,0.99402,3.53,0.58,10.8
"white",5,8.6,0.485,0.29,4.1,0.026,19,101,0.9918,3.01,0.38,12.4
"white",5,6.4,0.31,0.26,13.2,0.046,57,205,0.9975,3.17,0.41,9.6
"red",5,10.3,0.34,0.52,2.8,0.159,15,75,0.9998,3.18,0.64,9.4
"red",5,8.1,0.575,0.22,2.1,0.077,12,65,0.9967,3.29,0.51,9.2
"white",5,7.1,0.18,0.39,14.5,0.051,48,156,0.99947,3.35,0.78,9.1
"white",5,6.5,0.23,0.38,1.3,0.032,29,112,0.99298,3.29,0.54,9.7
"red",5,7.5,0.61,0.2,1.7,0.076,36,60,0.99494,3.1,0.4,9.3
"white",5,7.6,0.3,0.38,2.1,0.043,10,98,0.99296,3.17,0.65,11
"white",5,6.6,0.25,0.33,8.5,0.042,29,141,0.99546,3.28,0.6,10.4
"red",5,9,0.44,0.49,2.4,0.078,26,121,0.9978,3.23,0.58,9.2
"white",5,6.4,0.29,0.28,11.1,0.063,66,169,0.9973,2.89,0.57,9
"white",5,7.4,0.35,0.31,17.95,0.062,42,187,1.0002,3.27,0.64,9.1
"red",5,6.6,0.725,0.2,7.8,0.073,29,79,0.9977,3.29,0.54,9.2
"white",5,7.1,0.37,0.67,10.5,0.045,49,155,0.9975,3.16,0.44,8.7
"white",5,5.5,0.19,0.27,0.9,0.04,52,103,0.99026,3.5,0.39,11.2
"white",5,6.9,0.28,0.4,8.2,0.036,15,95,0.9944,3.17,0.33,10.2
"white",5,6.3,0.25,0.27,6.6,0.054,40,158,0.99378,3.2,0.48,10.3
"red",5,9.6,0.68,0.24,2.2,0.087,5,28,0.9988,3.14,0.6,10.2
"red",5,8.1,0.67,0.55,1.8,0.117,32,141,0.9968,3.17,0.62,9.4
"white",5,6.6,0.27,0.33,1.4,0.042,24,183,0.99215,3.29,0.46,10.7
"white",5,6.3,0.34,0.19,5.8,0.041,22,145,0.9943,3.15,0.63,9.9
"white",5,6.7,0.26,0.51,8,0.062,50,194,0.99545,3.13,0.5,9.6
"red",5,9.4,0.4,0.47,2.5,0.087,6,20,0.99772,3.15,0.5,10.5
"white",5,6.8,0.25,0.27,10.7,0.076,47,154,0.9967,3.05,0.38,9
"red",5,5.6,0.5,0.09,2.3,0.049,17,99,0.9937,3.63,0.63,13
"white",5,6.7,0.3,0.44,18.5,0.057,65,224,0.99956,3.11,0.53,9.1
"white",5,8,0.23,0.41,1.1,0.048,35,150,0.99168,3.09,0.47,11.2
"white",5,7.9,0.21,0.39,2,0.057,21,138,0.99176,3.05,0.52,10.9
"white",5,6.4,0.35,0.21,2.1,0.051,46,171,0.9932,3.16,0.5,9.5
"white",5,5.8,0.27,0.2,7.3,0.04,42,145,0.99442,3.15,0.48,9.8
"white",5,6.4,0.24,0.26,8.2,0.054,47,182,0.99538,3.12,0.5,9.5
"white",5,7.7,0.31,0.23,2,0.069,29,134,0.99382,3.11,0.62,9.8
"white",5,8.2,0.37,0.27,1.7,0.028,10,59,0.9923,2.97,0.48,10.4
"red",5,7.5,0.61,0.26,1.9,0.073,24,88,0.99612,3.3,0.53,9.8
"red",5,6.7,0.54,0.13,2,0.076,15,36,0.9973,3.61,0.64,9.8
"red",5,10.2,0.67,0.39,1.9,0.054,6,17,0.9976,3.17,0.47,10
"red",5,10.6,0.28,0.39,15.5,0.069,6,23,1.0026,3.12,0.66,9.2
"white",5,6.7,0.23,0.17,1.3,0.061,14,100,0.9925,3.07,0.55,9.5
"white",5,6.8,0.35,0.53,10.1,0.053,37,151,0.9963,3.07,0.4,9.4
"red",5,8.7,0.29,0.52,1.6,0.113,12,37,0.9969,3.25,0.58,9.5
"white",5,7.1,0.32,0.24,13.1,0.05,52,204,0.998,3.1,0.49,8.8
"white",5,7,0.24,0.3,6.7,0.039,37,125,0.99436,3.2,0.39,9.9
"white",5,6.9,0.28,0.22,10,0.052,36,131,0.99696,3.08,0.46,9.6
"white",5,7.5,0.33,0.38,8.7,0.126,49,199,0.99711,2.98,0.57,9.4
"red",5,6.5,0.46,0.14,2.4,0.114,9,37,0.99732,3.66,0.65,9.8
"red",5,8.2,0.39,0.49,2.3,0.099,47,133,0.9979,3.38,0.99,9.8
"red",5,8.9,0.31,0.36,2.6,0.056,10,39,0.99562,3.4,0.69,11.8
"white",5,6.2,0.3,0.32,1.2,0.052,32,185,0.99266,3.28,0.44,10.1
"white",5,7.4,0.28,0.5,12.1,0.049,48,122,0.9973,3.01,0.44,9
"white",5,8.3,0.21,0.41,2.2,0.05,24,108,0.994,2.85,0.45,9.5
"red",5,9.3,0.32,0.57,2,0.074,27,65,0.9969,3.28,0.79,10.7
"white",5,7.4,0.33,0.26,15.6,0.049,67,210,0.99907,3.06,0.68,9.5
"white",5,7.9,0.36,0.53,12.9,0.049,63,139,0.99792,2.94,0.45,9.1
"white",5,7.3,0.25,0.26,7.2,0.048,52,207,0.99587,3.12,0.37,9.2
"white",5,6.8,0.46,0.26,6.3,0.147,49,159,0.99434,3.14,0.47,10
"white",5,7.4,0.18,0.3,8.8,0.064,26,103,0.9961,2.94,0.56,9.3
"white",5,7,0.35,0.31,1.8,0.069,15,162,0.9944,3.18,0.47,9.4
"white",5,6.6,0.22,0.53,15.1,0.052,22,136,0.9986,2.94,0.35,9.4
"white",5,7,0.31,0.52,1.7,0.029,5,61,0.9918,3.07,0.43,10.4
"red",5,7.1,0.46,0.14,2.8,0.076,15,37,0.99624,3.36,0.49,10.7
"red",5,8.8,0.6,0.29,2.2,0.098,5,15,0.9988,3.36,0.49,9.1
"red",5,7.6,0.39,0.31,2.3,0.082,23,71,0.9982,3.52,0.65,9.7
"red",5,7.9,0.37,0.23,1.8,0.077,23,49,0.9963,3.28,0.67,9.3
"white",5,7.5,0.17,0.34,1.4,0.035,13,102,0.9918,3.05,0.74,11
"red",5,7.4,0.39,0.48,2,0.082,14,67,0.9972,3.34,0.55,9.2
"red",5,8.5,0.46,0.31,2.25,0.078,32,58,0.998,3.33,0.54,9.8
"red",5,6.4,0.57,0.02,1.8,0.067,4,11,0.997,3.46,0.68,9.5
"white",5,6.7,0.27,0.25,8,0.053,54,202,0.9961,3.22,0.43,9.3
"white",5,7.2,0.2,0.38,1,0.037,21,74,0.9918,3.21,0.37,11
"white",5,6.9,0.42,0.2,15.4,0.043,57,201,0.99848,3.08,0.54,9.4
"white",5,6.6,0.27,0.52,8.1,0.044,53,202,0.99548,3.18,0.48,9.5
"red",5,6.9,0.765,0.02,2.3,0.063,35,63,0.9975,3.57,0.78,9.9
"white",5,9.2,0.32,0.42,1.3,0.046,14,186,0.9949,3.08,0.48,9.6
"white",5,6.8,0.27,0.22,17.8,0.034,16,116,0.9989,3.07,0.53,9.2
"red",5,7.4,0.36,0.29,2.6,0.087,26,72,0.99645,3.39,0.68,11
"red",5,6.7,0.75,0.12,2,0.086,12,80,0.9958,3.38,0.52,10.1
"white",5,6.2,0.345,0.27,10.1,0.056,38,187,0.99486,3.31,0.56,10.6
"white",5,6.6,0.24,0.27,10.3,0.047,54,219,0.99742,3.04,0.45,8.8
"red",5,6.2,0.46,0.29,2.1,0.074,32,98,0.99578,3.33,0.62,9.8
"red",5,6.1,0.705,0.1,2.8,0.081,13,28,0.99631,3.6,0.66,10.2
"red",5,9.3,0.655,0.26,2,0.096,5,35,0.99738,3.25,0.42,9.6
"red",5,11.1,0.39,0.54,2.7,0.095,21,101,1.0001,3.13,0.51,9.5
"white",5,6.3,0.32,0.32,1.5,0.03,24,101,0.98923,3.21,0.42,13
"white",5,6.7,0.47,0.34,8.9,0.043,31,172,0.9964,3.22,0.6,9.2
"red",5,9.9,0.54,0.45,2.3,0.071,16,40,0.9991,3.39,0.62,9.4
"white",5,7.7,0.3,0.23,2,0.068,28,138,0.99382,3.11,0.62,9.8
"white",5,7.8,0.445,0.56,1,0.04,8,84,0.9938,3.25,0.43,10.8
"red",5,8.9,0.565,0.34,3,0.093,16,112,0.9998,3.38,0.61,9.5
"red",5,11.9,0.38,0.49,2.7,0.098,12,42,1.0004,3.16,0.61,10.3
"red",5,7.5,0.5,0.36,6.1,0.071,17,102,0.9978,3.35,0.8,10.5
"white",5,6.6,0.32,0.33,2.5,0.052,40,210,0.99316,3.15,0.6,10
"white",5,7.5,0.23,0.68,11,0.047,37,133,0.9978,2.99,0.38,8.8
"white",5,6.9,0.34,0.36,1.4,0.032,13,145,0.99214,3.07,0.52,9.8
"white",5,6.6,0.62,0.2,8.7,0.046,81,224,0.99605,3.17,0.44,9.3
"white",5,6.8,0.31,0.42,6.9,0.046,50,173,0.9958,3.19,0.46,9
"white",5,6.5,0.25,0.45,7.8,0.048,52,188,0.99576,3.2,0.53,9.1
"white",5,6,0.27,0.28,4.8,0.063,31,201,0.9964,3.69,0.71,10
"red",5,8.6,0.38,0.36,3,0.081,30,119,0.997,3.2,0.56,9.4
"red",5,6.8,0.915,0.29,4.8,0.07,15,39,0.99577,3.53,0.54,11.1
"white",5,6.4,0.29,0.2,15.6,0.04,20,142,0.9962,3.1,0.54,10.6
"red",5,7.7,0.54,0.26,1.9,0.089,23,147,0.99636,3.26,0.59,9.7
"white",5,6.9,0.35,0.55,11.95,0.038,22,111,0.99687,3.11,0.29,9.7
"red",5,7.9,0.69,0.21,2.1,0.08,33,141,0.9962,3.25,0.51,9.9
"white",5,6.6,0.22,0.28,12.05,0.058,25,125,0.99856,3.45,0.45,9.4
"red",5,7.7,0.96,0.2,2,0.047,15,60,0.9955,3.36,0.44,10.9
"white",5,6.7,0.28,0.14,1.4,0.043,64,159,0.992,3.17,0.39,10
"white",5,6.4,0.26,0.21,8.2,0.05,51,182,0.99542,3.23,0.48,9.5
"red",5,8,0.6,0.08,2.6,0.056,3,7,0.99286,3.22,0.37,13
"white",5,9.4,0.28,0.3,1.6,0.045,36,139,0.99534,3.11,0.49,9.3
"white",5,7.4,0.31,0.26,8.6,0.048,47,206,0.9964,3.26,0.36,9.1
"white",5,7.5,0.17,0.71,11.8,0.038,52,148,0.99801,3.03,0.46,8.9
"white",5,6.8,0.22,0.36,1.2,0.052,38,127,0.9933,3.04,0.54,9.2
"white",5,6.4,0.34,0.44,8.2,0.043,54,201,0.99551,3.18,0.48,9.5
"white",5,7.8,0.34,0.27,1.2,0.04,25,106,0.9932,3.01,0.55,10.4
"red",5,6.9,0.67,0.06,2.1,0.08,8,33,0.99845,3.68,0.71,9.6
"white",5,7.1,0.21,0.27,8.6,0.056,26,111,0.9956,2.95,0.52,9.5
"white",5,8.1,0.36,0.59,13.6,0.051,60,134,0.99886,2.96,0.39,8.7
"white",5,6.3,0.34,0.28,14.7,0.047,49,198,0.9977,3.23,0.46,9.5
"white",5,6.2,0.37,0.3,6.6,0.346,79,200,0.9954,3.29,0.58,9.6
"white",5,7.2,0.31,0.26,7.3,0.05,37,157,0.99625,3.09,0.43,9
"red",5,8.2,0.885,0.2,1.4,0.086,7,31,0.9946,3.11,0.46,10
"red",5,8.8,0.4,0.4,2.2,0.079,19,52,0.998,3.44,0.64,9.2
"white",5,7.6,0.18,0.36,2.4,0.049,38,123,0.996,3.6,0.46,10.3
"white",5,6.5,0.46,0.41,16.8,0.084,59,222,0.9993,3.18,0.58,9
"red",5,6.8,0.83,0.09,1.8,0.074,4,25,0.99534,3.38,0.45,9.6
"white",5,6.8,0.31,0.19,3.5,0.086,30,130,0.993,2.83,0.44,9.6
"white",5,6.1,0.36,0.58,15,0.044,42,115,0.9978,3.15,0.51,9
"white",5,6.9,0.25,0.24,1.8,0.053,6,121,0.993,3.23,0.7,11.4
"white",5,7.5,0.3,0.71,1.3,0.16,44,149,0.9948,3.08,0.42,8.9
"red",5,6.4,0.795,0,2.2,0.065,28,52,0.99378,3.49,0.52,11.6
"white",5,6.8,0.26,0.4,7.5,0.046,45,179,0.99583,3.2,0.49,9.3
"red",5,6.4,0.57,0.02,1.8,0.067,4,11,0.997,3.46,0.68,9.5
"white",5,6.5,0.23,0.2,7.5,0.05,44,179,0.99504,3.18,0.48,9.53333333333333
"white",5,7.5,0.27,0.31,17.7,0.051,33,173,0.999,3.09,0.64,10.2
"white",5,6.5,0.22,0.25,17.1,0.05,44,138,1.0001,3.3,0.37,8.8
"red",5,6.8,0.61,0.04,1.5,0.057,5,10,0.99525,3.42,0.6,9.5
"white",5,5.5,0.12,0.33,1,0.038,23,131,0.99164,3.25,0.45,9.8
"red",5,7.3,0.49,0.1,2.6,0.068,4,14,0.99562,3.3,0.47,10.5
"red",5,6.6,0.61,0.01,1.9,0.08,8,25,0.99746,3.69,0.73,10.5
"red",5,10.7,0.9,0.34,6.6,0.112,23,99,1.00289,3.22,0.68,9.3
"white",5,6.8,0.35,0.53,10.1,0.053,37,151,0.9963,3.07,0.4,9.4
"white",5,6.1,0.27,0.25,1.8,0.041,9,109,0.9929,3.08,0.54,9
"white",5,7.2,0.18,0.41,1.2,0.048,41,97,0.9919,3.14,0.45,10.4
"red",5,13.3,0.43,0.58,1.9,0.07,15,40,1.0004,3.06,0.49,9
"white",5,6.5,0.24,0.24,1.6,0.046,15,60,0.9928,3.19,0.39,9.8
"white",5,5.9,0.35,0.47,2.2,0.11,14,138,0.9932,3.09,0.5,9.1
"white",5,6,0.36,0.32,1.1,0.053,26,173,0.99414,3.38,0.54,8.8
"white",5,6.7,0.4,0.22,8.8,0.052,24,113,0.99576,3.22,0.45,9.4
"white",5,8.4,0.19,0.43,2.1,0.052,20,104,0.994,2.85,0.46,9.5
"white",5,6.5,0.26,0.43,8.9,0.083,50,171,0.9965,2.85,0.5,9
"white",5,6.3,0.18,0.22,5.6,0.047,45,147,0.99383,3.09,0.54,10
"red",5,6.9,0.63,0.33,6.7,0.235,66,115,0.99787,3.22,0.56,9.5
"white",5,7.1,0.34,0.86,1.4,0.174,36,99,0.99288,2.92,0.5,9.3
"white",5,6.3,0.34,0.36,4.9,0.035,31,185,0.9946,3.15,0.49,9.7
"white",5,7.1,0.28,0.19,7.8,0.04,48,184,0.99579,3.16,0.5,9.4
"white",5,6.6,0.41,0.24,4.9,0.158,47,144,0.99471,3.17,0.49,9.4
"white",5,7.6,0.17,0.45,11.2,0.054,56,137,0.997,3.15,0.47,10
"white",5,6,0.28,0.29,19.3,0.051,36,174,0.99911,3.14,0.5,9
"white",5,6.8,0.37,0.51,11.8,0.044,62,163,0.9976,3.19,0.44,8.8
"red",5,8.3,0.56,0.22,2.4,0.082,10,86,0.9983,3.37,0.62,9.5
"red",5,9.4,0.34,0.37,2.2,0.075,5,13,0.998,3.22,0.62,9.2
"red",5,7.7,0.69,0.22,1.9,0.084,18,94,0.9961,3.31,0.48,9.5
"white",5,6,0.45,0.65,9.7,0.08,11,159,0.9956,3.04,0.48,9.4
"white",5,6.4,0.31,0.31,12.9,0.045,55,161,0.99546,3.02,0.59,10.2
"white",5,7.6,0.27,0.29,2.5,0.059,37,115,0.99328,3.09,0.37,9.8
"red",5,7.3,0.73,0.24,1.9,0.108,18,102,0.9967,3.26,0.59,9.3
"red",5,10.2,0.41,0.43,2.2,0.11,11,37,0.99728,3.16,0.67,10.8
"white",5,6.9,0.24,0.4,15.4,0.052,81,198,0.9986,3.2,0.69,9.4
"red",5,6.9,0.4,0.24,2.5,0.083,30,45,0.9959,3.26,0.58,10
"red",5,6,0.5,0,1.4,0.057,15,26,0.99448,3.36,0.45,9.5
"white",5,6.6,0.24,0.28,1.8,0.028,39,132,0.99182,3.34,0.46,11.4
"red",5,8.3,0.715,0.15,1.8,0.089,10,52,0.9968,3.23,0.77,9.5
"white",5,6.4,0.22,0.32,7.9,0.029,34,124,0.9948,3.4,0.39,10.2
"red",5,9.1,0.64,0.23,3.1,0.095,13,38,0.9998,3.28,0.59,9.7
"red",5,6.2,0.56,0.09,1.7,0.053,24,32,0.99402,3.54,0.6,11.3
"white",5,6.2,0.32,0.24,4.1,0.051,34,149,0.99306,3.36,0.52,11
"red",5,7.8,0.815,0.01,2.6,0.074,48,90,0.99621,3.38,0.62,10.8
"red",5,7.8,0.43,0.32,2.8,0.08,29,58,0.9974,3.31,0.64,10.3
"white",5,7.2,0.29,0.18,8.2,0.042,41,180,0.99644,3.16,0.49,9.1
"red",5,7.2,0.725,0.05,4.65,0.086,4,11,0.9962,3.41,0.39,10.9
"white",5,7.1,0.12,0.32,9.6,0.054,64,162,0.9962,3.4,0.41,9.4
"white",5,7.2,0.24,0.27,11.4,0.034,40,174,0.99773,3.2,0.44,9
"white",5,6.8,0.3,0.24,6.6,0.123,35,116,0.9953,3.07,0.48,9.4
"white",5,9.6,0.21,0.28,1.2,0.038,12,53,0.9926,2.8,0.46,10.6
"white",5,9.8,0.31,0.49,15.4,0.046,13,119,1.0004,3.18,0.45,9.5
"white",5,6.6,0.32,0.26,7.7,0.054,56,209,0.9961,3.17,0.45,8.8
"white",5,6.2,0.25,0.54,7,0.046,58,176,0.99454,3.19,0.7,10.4
"white",5,5.6,0.295,0.2,2.2,0.049,18,134,0.99378,3.21,0.68,10
"white",5,7.3,0.32,0.35,1.4,0.05,8,163,0.99244,3.24,0.42,10.7
"red",5,8.3,0.715,0.15,1.8,0.089,10,52,0.9968,3.23,0.77,9.5
"white",5,6.7,0.4,0.22,8.8,0.052,24,113,0.99576,3.22,0.45,9.4
"red",5,8,0.42,0.32,2.5,0.08,26,122,0.99801,3.22,1.07,9.7
"white",5,6.9,0.29,0.32,5.8,0.04,16,112,0.993,3.04,0.58,11.2
"white",5,6.2,0.25,0.44,15.8,0.057,39,167,0.99804,3.14,0.51,9.2
"red",5,10,0.32,0.59,2.2,0.077,3,15,0.9994,3.2,0.78,9.6
"red",5,7.8,0.55,0.35,2.2,0.074,21,66,0.9974,3.25,0.56,9.2
"white",5,5.3,0.76,0.03,2.7,0.043,27,93,0.9932,3.34,0.38,9.2
"white",5,6.6,0.24,0.28,1.8,0.028,39,132,0.99182,3.34,0.46,11.4
"white",5,6.2,0.36,0.14,8.9,0.036,38,155,0.99622,3.27,0.5,9.4
"red",5,7.1,0.66,0,3.9,0.086,17,45,0.9976,3.46,0.54,9.5
"red",5,10.4,0.64,0.24,2.8,0.105,29,53,0.9998,3.24,0.67,9.9
"white",5,6.3,0.2,0.37,11.8,0.045,58,130,0.99519,3.2,0.35,10.8
"white",5,6.9,0.29,0.23,8.6,0.056,56,215,0.9967,3.17,0.44,8.8
"red",5,7.2,0.635,0.07,2.6,0.077,16,86,0.99748,3.51,0.54,9.7
"red",5,7.9,0.35,0.21,1.9,0.073,46,102,0.9964,3.27,0.58,9.5
"white",5,7.5,0.3,0.21,6.55,0.026,33,143,0.99244,2.92,0.35,11.1
"white",5,5.3,0.23,0.56,0.9,0.041,46,141,0.99119,3.16,0.62,9.7
"white",5,7.5,0.28,0.78,12.1,0.041,53,161,0.99838,2.98,0.44,8.7
"red",5,7.6,0.95,0.03,2,0.09,7,20,0.9959,3.2,0.56,9.6
"white",5,5.9,0.54,0,0.8,0.032,12,82,0.99286,3.25,0.36,8.8
"white",5,6.5,0.35,0.31,10.2,0.069,58,170,0.99692,3.18,0.49,9.4
"white",5,6.6,0.24,0.22,12.3,0.051,35,146,0.99676,3.1,0.67,9.4
"red",5,7.3,1.07,0.09,1.7,0.178,10,89,0.9962,3.3,0.57,9
"red",5,5.6,0.605,0.05,2.4,0.073,19,25,0.99258,3.56,0.55,12.9
"white",5,7.5,0.28,0.41,1.3,0.044,11,126,0.99293,3.28,0.45,10.3
"white",5,6.5,0.22,0.25,17.1,0.05,44,138,1.0001,3.3,0.37,8.8
"red",5,8.3,0.43,0.3,3.4,0.079,7,34,0.99788,3.36,0.61,10.5
"white",5,5.9,0.29,0.16,7.9,0.044,48,197,0.99512,3.21,0.36,9.4
"red",5,8,0.6,0.22,2.1,0.08,25,105,0.99613,3.3,0.49,9.9
"white",5,6.9,0.4,0.17,12.9,0.033,59,186,0.99754,3.08,0.49,9.4
"white",5,6.3,0.17,0.23,5.7,0.048,44,147,0.99382,3.08,0.54,10
"red",5,7.1,0.43,0.42,5.5,0.07,29,129,0.9973,3.42,0.72,10.5
"red",5,7.5,0.6,0.03,1.8,0.095,25,99,0.995,3.35,0.54,10.1
"white",5,7.6,0.38,0.2,3.4,0.046,9,116,0.9944,3.15,0.41,9.4
"white",5,6.8,0.27,0.12,1.3,0.04,87,168,0.992,3.18,0.41,10
"white",5,6.7,0.41,0.01,2.8,0.048,39,137,0.9942,3.24,0.35,9.5
"white",5,7.4,0.21,0.8,12.3,0.038,77,183,0.99778,2.95,0.48,9
"white",5,8.9,0.32,0.49,1.6,0.05,17,131,0.9956,3.13,0.34,9.4
"white",5,6.9,0.3,0.21,15.7,0.056,49,159,0.99827,3.11,0.48,9
"red",5,9.9,0.74,0.28,2.6,0.078,21,77,0.998,3.28,0.51,9.8
"white",5,7.8,0.49,0.49,7,0.043,29,149,0.9952,3.21,0.33,10
"white",5,6.4,0.32,0.26,7.9,0.05,53,180,0.99514,3.14,0.5,9.6
"white",5,6.8,0.31,0.09,1.4,0.04,56,145,0.9922,3.19,0.46,10
"white",5,6.4,0.27,0.45,8.3,0.05,52,196,0.9955,3.18,0.48,9.5
"red",5,7.6,0.42,0.25,3.9,0.104,28,90,0.99784,3.15,0.57,9.1
"white",5,5.7,0.14,0.3,5.4,0.045,26,105,0.99469,3.32,0.45,9.3
"white",5,8.9,0.33,0.34,1.4,0.056,14,171,0.9946,3.13,0.47,9.7
"white",5,6.1,0.43,0.35,9.1,0.059,83,249,0.9971,3.37,0.5,8.5
"red",5,6.6,0.63,0,4.3,0.093,51,77.5,0.99558,3.2,0.45,9.5
"white",5,8.9,0.34,0.34,1.6,0.056,13,176,0.9946,3.14,0.47,9.7
"red",5,6.9,0.56,0.03,1.5,0.086,36,46,0.99522,3.53,0.57,10.6
"red",5,9,0.45,0.49,2.6,0.084,21,75,0.9987,3.35,0.57,9.7
"white",5,7.2,0.19,0.39,1.2,0.036,32,85,0.9918,3.16,0.5,10.5
"red",5,7.4,0.61,0.01,2,0.074,13,38,0.99748,3.48,0.65,9.8
"white",5,6.6,0.56,0.22,8.9,0.034,27,133,0.99675,3.2,0.51,9.1
"red",5,6.9,0.58,0.01,1.9,0.08,40,54,0.99683,3.4,0.73,9.7
"red",5,10.6,0.36,0.6,2.2,0.152,7,18,0.9986,3.04,1.06,9.4
"white",5,5.7,0.24,0.47,6.3,0.069,35,182,0.99391,3.11,0.46,9.75
"red",5,7.9,0.43,0.21,1.6,0.106,10,37,0.9966,3.17,0.91,9.5
"white",5,7.6,0.54,0.23,2,0.029,13,151,0.9931,3.04,0.33,10.4
"white",5,6.8,0.26,0.22,4.8,0.041,110,198,0.99437,3.29,0.67,10.6
"white",5,6.6,0.19,0.33,1.8,0.035,42,148,0.99196,3.15,0.36,10.2
"white",5,7.6,0.48,0.28,10.4,0.049,57,205,0.99748,3.24,0.45,9.3
"white",5,7.5,0.17,0.37,1.5,0.06,18,75,0.9936,3.54,0.88,10.7
"white",5,6.4,0.33,0.24,1.6,0.054,25,117,0.9943,3.36,0.5,9.3
"white",5,7.1,0.34,0.15,1.2,0.053,61,183,0.9936,3.09,0.43,9.2
"white",5,6.4,0.41,0.01,6.1,0.048,20,70,0.99362,3.19,0.42,10
"white",5,7.5,0.3,0.32,1.4,0.032,31,161,0.99154,2.95,0.42,10.5
"white",5,7,0.31,0.39,7.5,0.055,42,218,0.99652,3.37,0.54,10.3
"white",5,7.9,0.25,0.35,6.7,0.039,22,64,0.99362,2.93,0.49,10.7
"white",5,6.4,0.46,0.08,4.9,0.046,34,144,0.99445,3.1,0.56,10
"white",5,5.3,0.21,0.29,0.7,0.028,11,66,0.99215,3.3,0.4,9.8
"white",5,6.9,0.26,0.33,12.6,0.051,59,173,0.998,3.39,0.38,9.9
"white",5,6.7,0.47,0.34,8.9,0.043,31,172,0.9964,3.22,0.6,9.2
"white",5,7.5,0.41,0.23,14.8,0.054,28,174,0.99898,3.18,0.49,9.7
"white",5,7.2,0.51,0.24,10,0.093,35,197,0.9981,3.41,0.47,9
"white",5,6.8,0.39,0.31,14.35,0.043,28,162,0.9988,3.17,0.54,9.1
"white",5,6.8,0.51,0.3,4.2,0.066,38,165,0.9945,3.2,0.42,9.1
"red",5,7.7,0.935,0.43,2.2,0.114,22,114,0.997,3.25,0.73,9.2
"white",5,6.5,0.51,0.25,1.7,0.048,39,177,0.99212,3.28,0.57,10.5666666666667
"white",5,6.3,0.305,0.22,16,0.061,26,141,0.99824,3.08,0.5,9.1
"white",5,6.6,0.28,0.42,8.2,0.044,60,196,0.99562,3.14,0.48,9.4
"red",5,9.6,0.5,0.36,2.8,0.116,26,55,0.99722,3.18,0.68,10.9
"white",5,6.5,0.23,0.36,16.3,0.038,43,133,0.99924,3.26,0.41,8.8
"white",5,5.9,0.37,0.14,6.3,0.036,34,185,0.9944,3.17,0.63,9.8
"red",5,6.8,0.775,0,3,0.102,8,23,0.9965,3.45,0.56,10.7
"white",5,6,0.28,0.29,19.3,0.051,36,174,0.99911,3.14,0.5,9
"white",5,6.8,0.26,0.29,16.95,0.056,48,179,0.9998,3.45,0.4,9.6
"white",5,7.8,0.27,0.35,1.2,0.05,36,140,0.99138,3.09,0.45,11.2
"red",5,7.6,0.41,0.33,2.5,0.078,6,23,0.9957,3.3,0.58,11.2
"white",5,7.5,0.18,0.72,9.6,0.039,53,151,0.99802,3.03,0.46,8.9
"white",5,6.4,0.25,0.57,1,0.062,21,122,0.99238,3,0.4,9.5
"red",5,7.7,0.41,0.76,1.8,0.611,8,45,0.9968,3.06,1.26,9.4
"red",5,7.6,0.55,0.21,2.2,0.071,7,28,0.9964,3.28,0.55,9.7
"white",5,7.3,0.815,0.09,11.4,0.044,45,204,0.99713,3.15,0.46,9
"red",5,9.3,0.43,0.44,1.9,0.085,9,22,0.99708,3.28,0.55,9.5
"white",5,6,0.36,0.06,1.4,0.066,27,128,0.9934,3.26,0.55,9.3
"white",5,4.9,0.335,0.14,1.3,0.036,69,168,0.99212,3.47,0.46,10.4666666666667
"white",5,6.6,0.28,0.41,7,0.046,59,194,0.99558,3.14,0.48,9.4
"white",5,6.3,0.35,0.26,17.6,0.061,59,198,0.99918,3.11,0.49,8.8
"white",5,7.7,0.28,0.58,12.1,0.046,60,177,0.9983,3.08,0.46,8.9
"white",5,6.1,0.22,0.25,12.1,0.035,54,135,0.99481,3.21,0.4,10.7
"white",5,7.1,0.31,0.47,13.6,0.056,54,197,0.9978,3.1,0.49,9.3
"white",5,6.5,0.15,0.55,5.9,0.045,75,162,0.99482,2.97,0.4,9.3
"white",5,7.4,0.23,0.38,8.6,0.052,41,150,0.99534,3.06,0.46,10.3
"white",5,7.3,0.36,0.34,14.8,0.057,46,173,0.99751,3.14,0.57,10.2
"white",5,6.6,0.28,0.42,8.2,0.044,60,196,0.99562,3.14,0.48,9.4
"red",5,9.7,0.69,0.32,2.5,0.088,22,91,0.9979,3.29,0.62,10.1
"white",5,8.3,0.14,0.36,8.8,0.026,13,60,0.9956,3.13,0.35,11.05
"red",5,7.8,0.56,0.19,2.1,0.081,15,105,0.9962,3.33,0.54,9.5
"white",5,7.2,0.27,0.46,18.75,0.052,45,255,1,3.04,0.52,8.9
"white",5,7.3,0.28,0.37,1.2,0.039,26,99,0.99198,3.01,0.62,10.8
"red",5,8.7,0.78,0.51,1.7,0.415,12,66,0.99623,3,1.17,9.2
"white",5,6.9,0.38,0.38,13.1,0.112,14,94,0.99792,3.02,0.48,9.2
"white",5,7.2,0.15,0.33,1.1,0.027,16,63,0.9937,3.37,0.4,9.9
"red",5,10.6,1.025,0.43,2.8,0.08,21,84,0.9985,3.06,0.57,10.1
"white",5,8.3,0.41,0.51,2,0.046,11,207,0.993,3.02,0.55,11.4
"white",5,6.2,0.235,0.34,1.9,0.036,4,117,0.99032,3.4,0.44,12.2
"red",5,5.6,0.66,0,2.5,0.066,7,15,0.99256,3.52,0.58,12.9
"white",5,6.5,0.41,0.22,4.8,0.052,49,142,0.9946,3.14,0.62,9.2
"white",5,7.5,0.2,0.47,16.9,0.052,51,188,0.99944,3.09,0.62,9.3
"red",5,9,0.45,0.49,2.6,0.084,21,75,0.9987,3.35,0.57,9.7
"white",5,7.7,0.35,0.46,11.8,0.088,61,183,0.99786,2.86,0.47,9
"white",5,6.5,0.425,0.4,13.1,0.038,59,241,0.9979,3.23,0.57,9
"white",5,7.8,0.28,0.31,2.1,0.046,28,208,0.99434,3.23,0.64,9.8
"white",5,7.6,0.27,0.33,2,0.059,19,175,0.9944,3.22,0.56,9.9
"white",5,6.4,0.26,0.4,1.7,0.179,5,60,0.9925,3.09,0.54,10.1
"white",5,7.6,0.39,0.22,2.8,0.036,19,113,0.9926,3.03,0.29,10.2
"red",5,8.5,0.44,0.5,1.9,0.369,15,38,0.99634,3.01,1.1,9.4
"white",5,5.5,0.24,0.45,1.7,0.046,22,113,0.99224,3.22,0.48,10
"white",5,6.8,0.32,0.34,6,0.05,5,129,0.9953,3.19,0.4,9.1
"white",5,7.6,0.27,0.32,1.2,0.043,23,72,0.99236,3.06,0.68,10.5
"white",5,5.9,0.22,0.45,22.6,0.12,55,122,0.99636,3.1,0.35,12.8
"red",5,8,0.52,0.03,1.7,0.07,10,35,0.99575,3.34,0.57,10
"red",5,8,0.52,0.25,2,0.078,19,59,0.99612,3.3,0.48,10.2
"red",5,6.8,0.63,0.12,3.8,0.099,16,126,0.9969,3.28,0.61,9.5
"red",5,6.1,0.38,0.15,1.8,0.072,6,19,0.9955,3.42,0.57,9.4
"white",5,5.8,0.36,0.5,1,0.127,63,178,0.99212,3.1,0.45,9.7
"white",5,6.1,0.27,0.3,16.7,0.039,49,172,0.99985,3.4,0.45,9.4
"white",5,6.2,0.47,0.21,1,0.044,13,98,0.99345,3.14,0.46,9.2
"red",5,7.7,0.965,0.1,2.1,0.112,11,22,0.9963,3.26,0.5,9.5
"white",5,7.1,0.34,0.2,6.1,0.063,47,164,0.9946,3.17,0.42,10
"red",5,7.3,0.32,0.23,2.3,0.066,35,70,0.99588,3.43,0.62,10.1
"red",5,7.5,0.59,0.22,1.8,0.082,43,60,0.99499,3.1,0.42,9.2
"red",5,7.3,0.59,0.26,7.2,0.07,35,121,0.9981,3.37,0.49,9.4
"white",5,7.2,0.16,0.35,1.2,0.031,27,84,0.9928,3.33,0.34,9.9
"red",5,7,0.49,0.49,5.6,0.06,26,121,0.9974,3.34,0.76,10.5
"white",5,8.6,0.31,0.3,0.9,0.045,16,109,0.99249,2.95,0.39,10.1
"white",5,7.4,0.44,0.2,11.5,0.049,44,157,0.998,3.27,0.44,9
"white",5,7.8,0.28,0.49,1.3,0.046,27,142,0.9936,3.09,0.59,10.2
"white",5,6.1,0.33,0.32,7.8,0.052,52,183,0.99657,3.39,0.65,9.5
"white",5,7.7,0.26,0.32,1.2,0.04,26,117,0.993,3.21,0.56,10.8
"red",5,7.4,0.55,0.19,1.8,0.082,15,34,0.99655,3.49,0.68,10.5
"white",5,6.3,0.3,0.2,3.7,0.039,34,132,0.99158,3,0.38,10.7
"red",5,8.3,0.85,0.14,2.5,0.093,13,54,0.99724,3.36,0.54,10.1
"white",5,6.3,0.2,0.18,10.6,0.045,57,159,0.99666,3.09,0.54,9.2
"white",5,7.3,0.25,0.29,7.5,0.049,38,158,0.9965,3.43,0.38,9.6
"red",5,9.6,0.56,0.23,3.4,0.102,37,92,0.9996,3.3,0.65,10.1
"white",5,6.4,0.62,0.12,4.7,0.06,33,196,0.99556,3.22,0.48,8.9
"white",5,6.8,0.32,0.18,7.5,0.041,71,223,0.9959,3.14,0.41,8.9
"white",5,4.9,0.345,0.34,1,0.068,32,143,0.99138,3.24,0.4,10.1
"white",5,6.5,0.31,0.14,7.5,0.044,34,133,0.9955,3.22,0.5,9.5
"red",5,8.6,0.47,0.27,2.3,0.055,14,28,0.99516,3.18,0.8,11.2
"red",5,9.6,0.88,0.28,2.4,0.086,30,147,0.9979,3.24,0.53,9.4
"white",5,6.7,0.54,0.28,5.4,0.06,21,105,0.9949,3.27,0.37,9
"red",5,8.3,0.6,0.25,2.2,0.118,9,38,0.99616,3.15,0.53,9.8
"white",5,7.3,0.31,0.69,10.2,0.041,58,160,0.9977,3.06,0.45,8.6
"red",5,6.5,0.615,0,1.9,0.065,9,18,0.9972,3.46,0.65,9.2
"white",5,6.6,0.32,0.33,2.5,0.052,40,219.5,0.99316,3.15,0.6,10
"red",5,6.3,0.39,0.16,1.4,0.08,11,23,0.9955,3.34,0.56,9.3
"white",5,8,0.25,0.35,1.1,0.054,13,136,0.99366,3.08,0.55,9.5
"white",5,9,0.31,0.48,6.6,0.043,11,73,0.9938,2.9,0.38,11.6
"white",5,6.8,0.21,0.36,18.1,0.046,32,133,1,3.27,0.48,8.8
"red",5,8.9,0.48,0.24,2.85,0.094,35,106,0.9982,3.1,0.53,9.2
"red",5,7.7,0.69,0.49,1.8,0.115,20,112,0.9968,3.21,0.71,9.3
"white",5,6,0.32,0.3,7.3,0.174,46,159,0.99519,3.18,0.49,9.4
"white",5,6.7,0.31,0.32,14.5,0.038,6,79,0.99412,3.14,0.34,12.5
"white",5,6.4,0.25,0.53,6.6,0.038,59,234,0.9955,3.03,0.42,8.8
"white",5,6.7,0.23,0.42,11.2,0.047,52,171,0.99758,3.54,0.74,10.4
"red",5,7,0.735,0.05,2,0.081,13,54,0.9966,3.39,0.57,9.8
"white",5,7.9,0.19,0.26,2.1,0.039,8,143,0.9942,3.05,0.74,9.8
"red",5,10.6,0.83,0.37,2.6,0.086,26,70,0.9981,3.16,0.52,9.9
"white",5,7.6,0.19,0.41,1.1,0.04,38,143,0.9907,2.92,0.42,11.4
"white",5,6,0.45,0.42,1.1,0.051,61,197,0.9932,3.02,0.4,9
"white",5,6,0.23,0.15,9.7,0.048,101,207,0.99571,3.05,0.3,9.1
"white",5,6.7,0.26,0.26,4,0.079,35.5,216,0.9956,3.31,0.68,9.5
"white",5,6,0.26,0.18,7,0.055,50,194,0.99591,3.21,0.43,9
"white",5,7.5,0.26,0.52,13.2,0.047,64,179,0.9982,3.1,0.46,9
"white",5,7.2,0.23,0.25,18.8,0.085,19,111,1.00044,3.1,0.51,8.7
"red",5,8,0.59,0.05,2,0.089,12,32,0.99735,3.36,0.61,10
"red",5,7.4,0.965,0,2.2,0.088,16,32,0.99756,3.58,0.67,10.2
"white",5,5.7,0.33,0.15,1.9,0.05,20,93,0.9934,3.38,0.62,9.9
"white",5,6.4,0.18,0.48,4,0.186,64,150,0.9945,3.06,0.4,9.3
"red",5,7,0.6,0.3,4.5,0.068,20,110,0.99914,3.3,1.17,10.2
"white",5,6.1,0.17,0.42,15.1,0.033,28,124,0.99684,2.87,0.47,9.5
"red",5,8,0.43,0.36,2.3,0.075,10,48,0.9976,3.34,0.46,9.4
"white",5,8.3,0.39,0.7,10.6,0.045,33,169,0.9976,3.09,0.57,9.4
"white",5,6.7,0.3,0.74,5,0.038,35,157,0.9945,3.21,0.46,9.9
"white",5,6.1,0.35,0.07,1.4,0.069,22,108,0.9934,3.23,0.52,9.2
"white",5,7.6,0.3,0.25,4.3,0.054,22,111,0.9956,3.12,0.49,9.2
"white",5,8.4,0.17,0.31,5.4,0.052,47,150,0.9953,3.24,0.38,9.8
"white",5,6.9,0.4,0.17,12.9,0.033,59,186,0.99754,3.08,0.49,9.4
"white",5,6.7,0.26,0.26,4.1,0.073,36,202,0.9956,3.3,0.67,9.5
"white",5,9.1,0.33,0.38,1.7,0.062,50.5,344,0.9958,3.1,0.7,9.5
"red",5,7.1,0.735,0.16,1.9,0.1,15,77,0.9966,3.27,0.64,9.3
"white",5,8.8,0.19,0.3,5,0.028,34,120,0.99242,2.94,0.47,11.2
"red",5,7.9,0.72,0.17,2.6,0.096,20,38,0.9978,3.4,0.53,9.5
"white",5,8.3,0.2,0.49,1.7,0.04,34,169,0.9938,3.05,0.37,10.1
"white",5,5.7,0.29,0.16,7.9,0.044,48,197,0.99512,3.21,0.36,9.4
"red",5,6.6,0.57,0.02,2.1,0.115,6,16,0.99654,3.38,0.69,9.5
"white",5,7.9,0.29,0.36,11.1,0.033,43,208,0.9969,3.14,0.46,10.3
"white",5,8.5,0.16,0.35,1.6,0.039,24,147,0.9935,2.96,0.36,10
"white",5,6,0.32,0.46,1.5,0.05,56,189,0.99308,3.24,0.49,9.6
"red",5,7.4,0.64,0.07,1.8,0.1,8,23,0.9961,3.3,0.58,9.6
"white",5,6.8,0.25,0.18,1.4,0.056,13,137,0.9935,3.11,0.42,9.5
"red",5,6.7,0.7,0.08,3.75,0.067,8,16,0.99334,3.43,0.52,12.6
"red",5,10.2,0.67,0.39,1.9,0.054,6,17,0.9976,3.17,0.47,10
"white",5,7.5,0.33,0.38,8.7,0.126,49,199,0.99711,2.98,0.57,9.4
"white",6,6.9,0.27,0.41,1.7,0.047,6,134,0.9929,3.15,0.69,11.4
"white",6,7.2,0.26,0.26,12.7,0.036,49,214,0.9986,3.41,0.5,10
"white",6,7.2,0.24,0.29,3,0.036,17,117,0.99411,3.36,0.68,10.1
"red",6,6.9,0.84,0.21,4.1,0.074,16,65,0.99842,3.53,0.72,9.25
"white",6,6.9,0.22,0.43,6.4,0.042,34,115,0.99293,3.05,0.51,10.8
"white",6,6.8,0.23,0.29,15.4,0.073,56,173,0.9984,3.06,0.41,8.7
"white",6,7.8,0.29,0.22,9.5,0.056,44,213,0.99715,3.08,0.61,9.3
"white",6,5.2,0.365,0.08,13.5,0.041,37,142,0.997,3.46,0.39,9.9
"white",6,7.6,0.31,0.52,13.2,0.042,61,148,0.99839,2.98,0.47,9.1
"white",6,6.8,0.17,0.34,2,0.04,38,111,0.99,3.24,0.45,12.9
"white",6,6.6,0.26,0.28,9.4,0.028,13,121,0.99254,3.17,0.34,12.1
"white",6,5.7,0.15,0.28,3.7,0.045,57,151,0.9913,3.22,0.27,11.2
"white",6,8.1,0.2,0.28,0.9,0.023,49,87,0.99062,2.92,0.36,11.1
"white",6,6.9,0.17,0.22,4.6,0.064,55,152,0.9952,3.29,0.37,9.3
"white",6,6.1,0.28,0.24,19.95,0.074,32,174,0.99922,3.19,0.44,9.3
"white",6,6.7,0.2,0.42,14,0.038,83,160,0.9987,3.16,0.5,9.4
"white",6,7.5,0.18,0.31,6.5,0.029,53,160,0.99276,3.03,0.38,10.9
"white",6,6.2,0.36,0.45,10.4,0.06,22,184,0.99711,3.31,0.56,9.8
"white",6,6.2,0.16,0.54,1.4,0.126,37,110,0.9932,3.23,0.37,8.9
"white",6,8.4,0.2,0.38,11.8,0.055,51,170,1.0004,3.34,0.82,8.9
"white",6,6.4,0.69,0.09,7.6,0.044,34,144,0.9948,3.26,0.38,10.1
"red",6,7.1,0.6,0.01,2.3,0.079,24,37,0.99514,3.4,0.61,10.9
"red",6,7.5,0.63,0.27,2,0.083,17,91,0.99616,3.26,0.58,9.8
"white",6,6,0.28,0.24,17.8,0.047,42,111,0.99896,3.1,0.45,8.9
"white",6,8.3,0.3,0.36,10,0.042,33,169,0.9982,3.23,0.51,9.3
"white",6,7.2,0.3,0.26,1.5,0.041,46,178,0.99154,3.19,0.56,11.3
"white",6,5.7,0.44,0.13,7,0.025,28,173,0.9913,3.33,0.48,12.5
"white",6,6.9,0.19,0.49,6.6,0.036,49,172,0.9932,3.2,0.27,11.5
"red",6,6.7,0.46,0.24,1.7,0.077,18,34,0.9948,3.39,0.6,10.6
"white",6,6.3,0.32,0.17,17.75,0.06,51,190,0.99916,3.13,0.48,8.8
"white",6,7.4,0.18,0.34,2.7,0.03,30,107,0.992,2.97,0.53,11
"white",6,8.9,0.26,0.33,8.1,0.024,47,202,0.99558,3.13,0.46,10.8
"white",6,6.2,0.28,0.57,1,0.043,50,92,0.99004,3.17,0.36,11.5
"white",6,6.8,0.22,0.31,6.3,0.035,33,170,0.9918,3.24,0.66,12.6
"white",6,6.6,0.26,0.29,1.4,0.039,13,67,0.9915,3.05,0.49,10.9
"white",6,7.2,0.22,0.24,1.4,0.041,17,159,0.99196,3.25,0.53,11.2
"white",6,6,0.17,0.49,1,0.034,26,106,0.992,3.21,0.42,9.8
"red",6,7.1,0.59,0,2.2,0.078,26,44,0.99522,3.42,0.68,10.8
"white",6,6.2,0.3,0.21,1.1,0.032,31,111,0.9889,2.97,0.42,12.2
"white",6,5.9,0.62,0.28,3.5,0.039,55,152,0.9907,3.44,0.44,12
"white",6,6.7,0.26,0.29,7.7,0.038,40,179,0.99479,3.23,0.56,10.4
"white",6,6.7,0.19,0.41,15.6,0.056,75,155,0.9995,3.2,0.44,8.8
"white",6,6.6,0.425,0.25,2.35,0.034,23,87,0.99082,3.05,0.41,11.4
"red",6,6.4,0.42,0.09,2.3,0.054,34,64,0.99724,3.41,0.68,10.4
"white",6,6.1,0.19,0.25,4,0.023,23,112,0.9923,3.37,0.51,11.6
"white",6,6.6,0.64,0.28,4.4,0.032,19,78,0.99036,3.11,0.62,12.9
"red",6,7.4,0.785,0.19,5.2,0.094,19,98,0.99713,3.16,0.52,9.6
"white",6,6.4,0.27,0.3,1.6,0.04,19,86,0.99089,3.32,0.65,11.5
"white",6,5.8,0.27,0.26,3.5,0.071,26,69,0.98994,3.1,0.38,11.5
"white",6,6.9,0.14,0.38,1,0.041,22,81,0.99043,3.03,0.54,11.4
"white",6,5.8,0.29,0.27,1.6,0.062,17,140,0.99138,3.23,0.35,11.1
"white",6,6.3,0.29,0.4,6.5,0.039,43,167,0.9953,3.15,0.44,9.3
"white",6,6,0.23,0.34,1.3,0.025,23,111,0.98961,3.36,0.37,12.7
"red",6,10.3,0.27,0.24,2.1,0.072,15,33,0.9956,3.22,0.66,12.8
"white",6,6.7,0.24,0.26,5.4,0.03,15,94,0.99045,3.15,0.38,12.7
"white",6,6.9,0.17,0.3,2,0.047,13,117,0.99152,3.16,0.51,11.6
"white",6,5.8,0.315,0.19,19.4,0.031,28,106,0.99704,2.97,0.4,10.55
"white",6,7.3,0.155,0.49,1.3,0.039,34,136,0.9926,3.14,0.77,10.5
"white",6,6.7,0.3,0.45,10.6,0.032,56,212,0.997,3.22,0.59,9.5
"white",6,6.2,0.2,0.25,15,0.055,8,120,0.99767,3.19,0.53,9.6
"white",6,6.4,0.4,0.25,4.2,0.032,15,91,0.98988,3.26,0.52,13.1
"white",6,8.8,0.33,0.36,2.1,0.034,19,125,0.99166,2.96,0.98,12.7
"white",6,6.4,0.3,0.36,2,0.052,18,141,0.99273,3.38,0.53,10.5
"white",6,7,0.29,0.37,1.6,0.035,34,126,0.99058,3.26,0.47,12.3
"white",6,8.3,0.49,0.43,2.5,0.036,32,116,0.9944,3.23,0.47,10.7
"white",6,6.8,0.27,0.35,7.8,0.048,76,197,0.9959,3.24,0.43,9.5
"white",6,8.4,0.2,0.38,11.8,0.055,51,170,1.0004,3.34,0.82,8.9
"white",6,6.5,0.34,0.46,1,0.023,6,80,0.98865,3.15,0.54,12.9
"white",6,6.6,0.32,0.34,7.7,0.044,63,212,0.99526,3.22,0.48,9.7
"white",6,7,0.18,0.49,5.3,0.04,34,125,0.9914,3.24,0.4,12.2
"red",6,7.6,0.3,0.42,2,0.052,6,24,0.9963,3.44,0.82,11.9
"white",6,7.6,0.2,0.34,1.8,0.041,42,148,0.99335,3.35,0.66,11.1
"white",6,6.5,0.21,0.35,5.7,0.043,47,197,0.99392,3.24,0.5,10.1
"white",6,7.3,0.17,0.36,8.2,0.028,44,111,0.99272,3.14,0.41,12.4
"white",6,6.4,0.22,0.34,1.8,0.057,29,104,0.9959,3.81,0.57,10.3
"white",6,6.7,0.27,0.12,1.3,0.041,62,138,0.9921,3.21,0.42,10
"white",6,5.5,0.335,0.3,2.5,0.071,27,128,0.9924,3.14,0.51,9.6
"white",6,7.4,0.16,0.3,1.4,0.064,34,166,0.99136,3.11,0.42,11.4333333333333
"white",6,6.8,0.17,0.17,5.1,0.049,26,82,0.993,3,0.38,9.8
"red",6,7.9,0.19,0.42,1.6,0.057,18,30,0.994,3.29,0.69,11.2
"white",6,6.7,0.24,0.32,9,0.023,20,109,0.99262,3.34,0.35,12.6
"red",6,6.9,0.54,0.04,3,0.077,7,27,0.9987,3.69,0.91,9.4
"red",6,8.3,0.61,0.3,2.1,0.084,11,50,0.9972,3.4,0.61,10.2
"red",6,6.4,0.38,0.14,2.2,0.038,15,25,0.99514,3.44,0.65,11.1
"white",6,6.4,0.28,0.56,1.7,0.156,49,106,0.99354,3.1,0.37,9.2
"white",6,5.6,0.295,0.26,1.1,0.035,40,102,0.99154,3.47,0.56,10.6
"white",6,7.2,0.19,0.31,1.6,0.062,31,173,0.9917,3.35,0.44,11.7
"white",6,6.6,0.39,0.38,9.7,0.053,49,226,0.99787,3.3,0.57,9.4
"white",6,9.2,0.23,0.3,1.1,0.031,40,99,0.9929,2.94,0.3,10.4
"white",6,6.4,0.225,0.48,2.2,0.115,29,104,0.9918,3.24,0.58,12.1
"white",6,7.2,0.2,0.61,16.2,0.043,14,103,0.9987,3.06,0.36,9.2
"red",6,7.5,0.38,0.57,2.3,0.106,5,12,0.99605,3.36,0.55,11.4
"red",6,7.9,0.58,0.23,2.3,0.076,23,94,0.99686,3.21,0.58,9.5
"white",6,6.9,0.3,0.36,0.9,0.037,40,156,0.98968,3.08,0.36,12.1
"white",6,6.2,0.2,0.31,1,0.031,22,73,0.99035,3.24,0.52,11.3
"red",6,5.2,0.34,0,1.8,0.05,27,63,0.9916,3.68,0.79,14
"red",6,6.9,0.765,0.18,2.4,0.243,5.5,48,0.99612,3.4,0.6,10.3
"white",6,4.7,0.785,0,3.4,0.036,23,134,0.98981,3.53,0.92,13.8
"white",6,7.1,0.18,0.74,15.6,0.044,44,176,0.9996,3.38,0.67,9
"red",6,10.1,0.31,0.44,2.3,0.08,22,46,0.9988,3.32,0.67,9.7
"red",6,5.4,0.58,0.08,1.9,0.059,20,31,0.99484,3.5,0.64,10.2
"red",6,6.7,0.86,0.07,2,0.1,20,57,0.99598,3.6,0.74,11.7
"red",6,7.2,0.34,0.21,2.5,0.075,41,68,0.99586,3.37,0.54,10.1
"white",6,6.9,0.38,0.29,13.65,0.048,52,189,0.99784,3,0.6,9.5
"white",6,6.8,0.21,0.42,1.2,0.045,24,126,0.99234,3.09,0.87,10.9
"red",6,10.2,0.4,0.4,2.5,0.068,41,54,0.99754,3.38,0.86,10.5
"red",6,6.8,0.81,0.05,2,0.07,6,14,0.99562,3.51,0.66,10.8
"red",6,10.5,0.28,0.51,1.7,0.08,10,24,0.9982,3.2,0.89,9.4
"white",6,6.4,0.25,0.3,5.5,0.038,15,129,0.9948,3.14,0.49,9.6
"red",6,8.6,0.49,0.28,1.9,0.11,20,136,0.9972,2.93,1.95,9.9
"red",6,7.8,0.39,0.42,2,0.086,9,21,0.99526,3.39,0.66,11.6
"white",6,6,0.2,0.24,1.8,0.03,30,105,0.9909,3.31,0.47,11.5
"white",6,6.6,0.23,0.32,1.7,0.024,26,102,0.99084,3.29,0.6,11.8
"white",6,5.8,0.24,0.39,1.5,0.054,37,158,0.9932,3.21,0.52,9.3
"white",6,6.5,0.35,0.38,7.4,0.036,20,196,0.99712,3.47,0.48,9.1
"white",6,6.7,0.13,0.57,6.6,0.056,60,150,0.99548,2.96,0.43,9.4
"red",6,6.9,0.49,0.1,2.3,0.074,12,30,0.9959,3.42,0.58,10.2
"white",6,8.2,0.27,0.43,1.6,0.035,31,128,0.9916,3.1,0.5,12.3
"red",6,7.2,0.52,0.07,1.4,0.074,5,20,0.9973,3.32,0.81,9.6
"white",6,8.1,0.12,0.49,1.2,0.042,43,160,0.9934,3.13,0.48,9.7
"white",6,6.7,0.66,0,13,0.033,32,75,0.99551,3.15,0.5,10.7
"white",6,7.2,0.26,0.4,6.3,0.047,52,172,0.99573,3.18,0.53,9.5
"white",6,7.6,0.27,0.52,3.2,0.043,28,152,0.99129,3.02,0.53,11.4
"white",6,6.5,0.29,0.52,1.7,0.034,41,193,0.99223,3.25,0.59,10.4
"white",6,6.4,0.35,0.28,12.6,0.039,19,124,0.99539,3.2,0.43,10.6
"white",6,6.8,0.25,0.34,4.7,0.031,34,134,0.9927,3.21,0.38,10.6
"red",6,7.5,0.58,0.56,3.1,0.153,5,14,0.99476,3.21,1.03,11.6
"white",6,7.7,0.29,0.29,4.8,0.06,27,156,0.99572,3.49,0.59,10.3
"white",6,9.4,0.17,0.55,1.6,0.049,14,94,0.9949,3.02,0.61,10.3
"white",6,7.9,0.33,0.28,31.6,0.053,35,176,1.0103,3.15,0.38,8.8
"white",6,7.8,0.4,0.26,9.5,0.059,32,178,0.9955,3.04,0.43,10.9
"red",6,7.4,0.29,0.38,1.7,0.062,9,30,0.9968,3.41,0.53,9.5
"white",6,6.6,0.24,0.27,1.4,0.057,33,152,0.9934,3.22,0.56,9.5
"white",6,7.1,0.21,0.3,1.4,0.037,45,143,0.9932,3.13,0.33,9.9
"white",6,5.4,0.18,0.24,4.8,0.041,30,113,0.99445,3.42,0.4,9.4
"white",6,6.4,0.24,0.49,5.8,0.053,25,120,0.9942,3.01,0.98,10.5
"red",6,6.4,0.36,0.53,2.2,0.23,19,35,0.9934,3.37,0.93,12.4
"white",6,7.6,0.36,0.44,8.3,0.255,28,142,0.9958,3.12,0.43,10.2
"white",6,6.4,0.23,0.33,1.15,0.044,15.5,217.5,0.992,3.33,0.44,11
"red",6,8.2,0.59,0,2.5,0.093,19,58,1.0002,3.5,0.65,9.3
"red",6,8.2,0.4,0.44,2.8,0.089,11,43,0.9975,3.53,0.61,10.5
"red",6,7.9,0.57,0.31,2,0.079,10,79,0.99677,3.29,0.69,9.5
"white",6,7.4,0.4,0.41,14.1,0.053,37,194,0.99886,3.2,0.63,9.4
"white",6,7.6,0.23,0.29,8.6,0.053,65,146,0.9963,3.11,0.32,9.8
"white",6,7.3,0.26,0.36,5.2,0.04,31,141,0.9931,3.16,0.59,11
"white",6,7.9,0.16,0.3,7.4,0.05,58,152,0.99612,3.12,0.37,9.5
"white",6,7.3,0.23,0.37,1.8,0.032,60,156,0.992,3.11,0.35,11.1
"white",6,8,0.36,0.39,1.6,0.024,26,93,0.99116,3.15,0.49,11.9
"white",6,6.4,0.16,0.22,1.4,0.04,41,149,0.9933,3.49,0.58,10
"red",6,5.9,0.55,0.1,2.2,0.062,39,51,0.99512,3.52,0.76,11.2
"red",6,9.7,0.42,0.46,2.1,0.074,5,16,0.99649,3.27,0.74,12.3
"white",6,6.9,0.25,0.3,4.1,0.054,23,116,0.994,2.99,0.38,9.4
"white",6,5.7,0.21,0.32,1.6,0.03,33,122,0.99044,3.33,0.52,11.9
"white",6,6.2,0.36,0.22,5.25,0.038,44,145,0.99184,3.22,0.4,11.2
"red",6,6.8,0.41,0.31,8.8,0.084,26,45,0.99824,3.38,0.64,10.1
"white",6,7.7,0.42,0.31,9.2,0.048,22,221,0.9969,3.06,0.61,9.2
"white",6,5.7,0.21,0.24,2.3,0.047,60,189,0.995,3.65,0.72,10.1
"white",6,7.4,0.19,0.31,14.5,0.045,39,193,0.9986,3.1,0.5,9.2
"red",6,8.6,0.315,0.4,2.2,0.079,3,6,0.99512,3.27,0.67,11.9
"white",6,7.3,0.22,0.37,14.3,0.063,48,191,0.9978,2.89,0.38,9
"white",6,6.8,0.28,0.29,11.9,0.052,51,149,0.99544,3.02,0.58,10.4
"red",6,6.9,0.36,0.25,2.4,0.098,5,16,0.9964,3.41,0.6,10.1
"white",6,6.6,0.22,0.36,5.5,0.029,30,105,0.99206,3.2,0.47,11.8
"white",6,5,0.33,0.16,1.5,0.049,10,97,0.9917,3.48,0.44,10.7
"white",6,5.8,0.18,0.28,1.3,0.034,9,94,0.99092,3.21,0.52,11.2
"white",6,6.5,0.18,0.48,18,0.054,56,183,1.00038,2.98,0.61,8.5
"white",6,8.8,0.36,0.44,1.9,0.04,9,121,0.9953,3.19,0.48,9.9
"white",6,7.7,0.34,0.28,11,0.04,31,117,0.99815,3.27,0.29,9.2
"white",6,5.9,0.18,0.29,4.6,0.032,68,137,0.99159,3.21,0.38,11.3
"red",6,8.2,0.4,0.31,1.9,0.082,8,24,0.996,3.24,0.69,10.6
"white",6,6.7,0.15,0.38,1.7,0.037,20,84,0.99046,3.09,0.53,11.4
"white",6,7.3,0.41,0.24,6.8,0.057,41,163,0.9949,3.2,0.41,9.9
"red",6,9.1,0.22,0.24,2.1,0.078,1,28,0.999,3.41,0.87,10.3
"white",6,7.3,0.2,0.26,1.6,0.04,36,123,0.99238,3.34,0.44,10.8
"red",6,7.6,0.51,0.24,2.4,0.091,8,38,0.998,3.47,0.66,9.6
"white",6,7.2,0.21,0.35,14.5,0.048,35,178,0.9982,3.05,0.47,8.9
"white",6,5.6,0.46,0.24,4.8,0.042,24,72,0.9908,3.29,0.37,12.6
"white",6,5.2,0.37,0.33,1.2,0.028,13,81,0.9902,3.37,0.38,11.7
"red",6,7.3,0.67,0.02,2.2,0.072,31,92,0.99566,3.32,0.68,11.1
"white",6,6.7,0.19,0.34,1,0.022,22,94,0.9912,3.23,0.57,11.1
"white",6,6,0.34,0.66,15.9,0.046,26,164,0.9979,3.14,0.5,8.8
"red",6,6.8,0.47,0.08,2.2,0.064,18,38,0.99553,3.3,0.65,9.6
"red",6,9.1,0.4,0.57,4.6,0.08,6,20,0.99652,3.28,0.57,12.5
"white",6,7.5,0.14,0.74,1.6,0.035,21,126,0.9933,3.26,0.45,10.2
"white",6,6.3,0.14,0.39,1.2,0.044,26,116,0.992,3.26,0.53,10.3
"red",6,5.9,0.29,0.25,13.4,0.067,72,160,0.99721,3.33,0.54,10.3
"white",6,6.4,0.34,0.23,6.3,0.039,37,143,0.9944,3.19,0.65,10
"white",6,6.2,0.21,0.38,6.8,0.036,64,245,0.9951,3.06,0.36,9.3
"white",6,5.9,0.28,0.34,3.6,0.04,50,194,0.9912,3.31,0.52,11.6
"white",6,6.3,0.48,0.48,1.8,0.035,35,96,0.99121,3.49,0.74,12.2
"white",6,8.2,0.18,0.31,11.8,0.039,96,249,0.9976,3.07,0.52,9.5
"white",6,6,0.32,0.32,4.8,0.041,40,186,0.99235,3.22,0.54,11
"white",6,6.2,0.23,0.36,17.2,0.039,37,130,0.99946,3.23,0.43,8.8
"red",6,7.9,0.33,0.41,1.5,0.056,6,35,0.99396,3.29,0.71,11
"white",6,7.6,0.16,0.44,1.4,0.043,25,109,0.9932,3.11,0.75,10.3
"white",6,6.4,0.18,0.32,9.6,0.052,24,90,0.9963,3.35,0.49,9.4
"white",6,8,0.2,0.3,8.1,0.037,42,130,0.99379,3.1,0.67,11.8
"white",6,7,0.28,0.33,14.6,0.043,47,168,0.9994,3.34,0.67,8.8
"red",6,10.1,0.45,0.23,1.9,0.082,10,18,0.99774,3.22,0.65,9.3
"white",6,8.2,0.2,0.36,8.1,0.035,60,163,0.9952,3.05,0.3,10.3
"white",6,7.1,0.2,0.41,2.1,0.054,24,166,0.9948,3.48,0.62,10.5
"white",6,5.7,0.36,0.34,4.2,0.026,21,77,0.9907,3.41,0.45,11.9
"red",6,7,0.55,0.13,2.2,0.075,15,35,0.9959,3.36,0.59,9.7
"white",6,7.1,0.23,0.39,13.7,0.058,26,172,0.99755,2.9,0.46,9
"white",6,7.2,0.27,0.27,2.4,0.048,30,149,0.9936,3.1,0.51,9.2
"white",6,6.5,0.31,0.61,13,0.053,31,123,0.99708,3.09,0.5,9.3
"white",6,6.3,0.21,0.31,1.2,0.043,30,117,0.99158,3.49,0.68,11
"red",6,9.2,0.67,0.1,3,0.091,12,48,0.99888,3.31,0.54,9.5
"red",6,7.2,0.38,0.3,1.8,0.073,31,70,0.99685,3.42,0.59,9.5
"white",6,5.6,0.18,0.27,1.7,0.03,31,103,0.98892,3.35,0.37,12.9
"white",6,7.3,0.18,0.31,17.3,0.055,32,197,1.0002,3.13,0.46,9
"white",6,7.4,0.19,0.31,14.5,0.045,39,193,0.9986,3.1,0.5,9.2
"white",6,6.4,0.23,0.37,7.9,0.05,60,150,0.99488,2.86,0.49,9.3
"white",6,6.8,0.4,0.29,2.8,0.044,27,97,0.9904,3.12,0.42,11.2
"white",6,7.7,0.46,0.18,3.3,0.054,18,143,0.99392,3.12,0.51,10.8
"white",6,8,0.26,0.28,4.8,0.05,34,150,0.99437,3.13,0.5,10
"white",6,10,0.23,0.27,14.1,0.033,45,166,0.9988,2.72,0.43,9.7
"white",6,6.3,0.23,0.33,6.9,0.052,23,118,0.9938,3.23,0.46,10.4
"white",6,7.5,0.18,0.45,4.6,0.041,67,158,0.9927,3.01,0.38,10.6
"white",6,6.2,0.26,0.37,7.1,0.047,54,201,0.99523,3.19,0.48,9.5
"white",6,6.9,0.2,0.36,1.5,0.031,38,147,0.9931,3.35,0.56,11
"red",6,7.4,0.785,0.19,5.2,0.094,19,98,0.99713,3.16,0.52,9.56666666666667
"white",6,5.8,0.38,0.26,1.1,0.058,20,140,0.99271,3.27,0.43,9.7
"red",6,9.9,0.44,0.46,2.2,0.091,10,41,0.99638,3.18,0.69,11.9
"white",6,7,0.2,0.35,8.8,0.037,31,103,0.99388,3.13,0.49,11
"red",6,7.1,0.59,0.01,2.3,0.08,27,43,0.9955,3.42,0.58,10.7
"white",6,7.6,0.18,0.46,10.2,0.055,58,135,0.9968,3.14,0.43,9.9
"white",6,7,0.23,0.32,1.8,0.048,25,113,0.9915,3.11,0.47,11.1
"white",6,7.1,0.38,0.42,11.8,0.041,32,193,0.99624,3.04,0.49,10
"white",6,7.3,0.18,0.65,1.4,0.046,28,157,0.9946,3.33,0.62,9.4
"white",6,6.8,0.19,0.33,4.9,0.047,42,130,0.99283,3.12,0.56,11
"white",6,6.3,0.22,0.33,1.7,0.041,67,164,0.9928,3.32,0.56,10.4
"white",6,6.7,0.21,0.48,14.8,0.05,31,195,0.99942,2.95,0.75,8.8
"white",6,6.5,0.24,0.39,17.3,0.052,22,126,0.99888,3.11,0.47,9.2
"white",6,7.3,0.19,0.24,6.3,0.054,34,231,0.9964,3.36,0.54,10
"white",6,8.3,0.3,0.36,10,0.042,33,169,0.9982,3.23,0.51,9.3
"white",6,6.3,0.255,0.37,1.1,0.04,37,114,0.9905,3,0.39,10.9
"white",6,7.3,0.22,0.37,14.3,0.063,48,191,0.9978,2.89,0.38,9
"white",6,5.9,0.26,0.29,5.4,0.046,34,116,0.99224,3.24,0.41,11.4
"red",6,10.3,0.53,0.48,2.5,0.063,6,25,0.9998,3.12,0.59,9.3
"red",6,6.9,0.63,0.01,2.4,0.076,14,39,0.99522,3.34,0.53,10.8
"white",6,7.1,0.37,0.3,6.2,0.04,49,139,0.99021,3.17,0.27,13.6
"white",6,8.1,0.2,0.49,8.1,0.051,51,205,0.9954,3.1,0.52,11
"white",6,6.2,0.25,0.28,8.5,0.035,28,108,0.99486,3.4,0.42,10.4
"white",6,7,0.45,0.34,19.8,0.04,12,67,0.9976,3.07,0.38,11
"red",6,5.8,0.29,0.26,1.7,0.063,3,11,0.9915,3.39,0.54,13.5
"red",6,9,0.4,0.43,2.4,0.068,29,46,0.9943,3.2,0.6,12.2
"white",6,7,0.24,0.3,4.2,0.04,41,213,0.9927,3.28,0.49,11.8
"white",6,6.4,0.25,0.74,7.8,0.045,52,209,0.9956,3.21,0.42,9.2
"white",6,5.9,0.435,0.16,6.4,0.031,21,134,0.99151,3.24,0.46,12.2
"white",6,7.8,0.26,0.27,1.9,0.051,52,195,0.9928,3.23,0.5,10.9
"white",6,7.2,0.27,0.28,15.2,0.046,6,41,0.99665,3.17,0.39,10.9
"white",6,7,0.22,0.24,11,0.041,75,167,0.99508,2.98,0.56,10.5
"white",6,5.7,0.2,0.3,2.5,0.046,38,125,0.99276,3.34,0.5,9.9
"red",6,6.5,0.4,0.1,2,0.076,30,47,0.99554,3.36,0.48,9.4
"white",6,7.9,0.2,0.34,1.2,0.04,29,118,0.9932,3.14,0.41,10.6
"white",6,7.3,0.25,0.27,3.8,0.047,16,79,0.99173,3.07,0.46,11.3
"red",6,7.2,0.57,0.05,2.3,0.081,16,36,0.99564,3.38,0.6,10.3
"red",6,6.4,0.865,0.03,3.2,0.071,27,58,0.995,3.61,0.49,12.7
"white",6,7,0.55,0.05,8,0.036,19,164,0.99269,3.26,0.46,12.2
"white",6,6.8,0.2,0.59,0.9,0.147,38,132,0.993,3.05,0.38,9.1
"white",6,6.2,0.33,0.41,16.8,0.037,58,173,0.99882,3.25,0.57,9.4
"white",6,6.3,0.28,0.29,6.8,0.051,40,143,0.99374,3.43,0.59,11
"white",6,7,0.32,0.29,4.9,0.036,41,150,0.99168,3.38,0.43,12.2
"white",6,5.4,0.29,0.38,1.2,0.029,31,132,0.98895,3.28,0.36,12.4
"white",6,6.4,0.16,0.37,1.5,0.037,27,109,0.99345,3.38,0.5,9.8
"white",6,7.8,0.965,0.6,65.8,0.074,8,160,1.03898,3.39,0.69,11.7
"white",6,6.2,0.22,0.28,2.2,0.04,24,125,0.9917,3.19,0.48,10.5
"white",6,7.6,0.23,0.49,10,0.036,45,182,0.9967,3.08,0.58,9.6
"white",6,8.3,0.22,0.34,1.1,0.043,20,116,0.9927,3,0.47,10.2
"red",6,12.6,0.41,0.54,2.8,0.103,19,41,0.99939,3.21,0.76,11.3
"red",6,8.8,0.3,0.38,2.3,0.06,19,72,0.99543,3.39,0.72,11.8
"white",6,7.4,0.19,0.31,14.5,0.045,39,193,0.9986,3.1,0.5,9.2
"white",6,7.2,0.25,0.39,18.95,0.038,42,155,0.9999,2.97,0.47,9
"white",6,6.8,0.27,0.3,13,0.047,69,160,0.99705,3.16,0.5,9.6
"white",6,7.1,0.39,0.39,11.1,0.034,25,204,0.99616,3.05,0.52,10
"white",6,6.1,0.41,0.04,1.3,0.036,23,121,0.99228,3.24,0.61,9.9
"white",6,7.3,0.24,0.29,1.2,0.037,37,97,0.9926,3.19,0.7,10.1
"red",6,7.3,0.43,0.24,2.5,0.078,27,67,0.99648,3.6,0.59,11.1
"white",6,7.3,0.2,0.29,19.5,0.039,69,237,1.00037,3.1,0.48,9.2
"white",6,5.2,0.38,0.26,7.7,0.053,20,103,0.9925,3.27,0.45,12.2
"red",6,7.1,0.39,0.12,2.1,0.065,14,24,0.99252,3.3,0.53,13.3
"white",6,8.3,0.2,0.74,4.45,0.044,33,130,0.9924,3.25,0.42,12.2
"white",6,6.4,0.21,0.28,5.9,0.047,29,101,0.99278,3.15,0.4,11
"red",6,8.3,0.26,0.42,2,0.08,11,27,0.9974,3.21,0.8,9.4
"red",6,7.4,0.6,0.26,2.1,0.083,17,91,0.99616,3.29,0.56,9.8
"white",6,7.9,0.22,0.45,14.2,0.038,53,141,0.9992,3.03,0.46,9.2
"white",6,7.9,0.17,0.32,1.6,0.053,47,150,0.9948,3.29,0.76,9.6
"white",6,6.7,0.41,0.27,2.6,0.033,25,85,0.99086,3.05,0.34,11.7
"white",6,6,0.27,0.3,14.7,0.044,15,144,0.99666,3.12,0.53,10.3
"white",6,9,0.22,0.49,10.4,0.048,52,195,0.9987,3.31,0.44,10.2
"white",6,6.9,0.19,0.28,3,0.054,33,99,0.9924,3.16,0.4,10.8
"white",6,6.9,0.31,0.32,1.2,0.024,20,166,0.99208,3.05,0.54,9.8
"white",6,5.6,0.18,0.31,1.5,0.038,16,84,0.9924,3.34,0.58,10.1
"white",6,7.4,0.16,0.49,1.2,0.055,18,150,0.9917,3.23,0.47,11.2
"white",6,6.5,0.24,0.28,1.1,0.034,26,83,0.98928,3.25,0.33,12.3
"white",6,6.6,0.25,0.25,1.3,0.04,28,85,0.98984,2.87,0.48,11.2
"white",6,6.4,0.33,0.24,9.8,0.041,29,109,0.9956,3.29,0.47,10.1
"white",6,6.5,0.29,0.52,7.9,0.049,35,192,0.99551,3.16,0.51,9.5
"white",6,7.3,0.24,0.43,2,0.021,20,69,0.99,3.08,0.56,12.2
"red",6,6.3,0.98,0.01,2,0.057,15,33,0.99488,3.6,0.46,11.2
"white",6,6.9,0.21,0.81,1.1,0.137,52,123,0.9932,3.03,0.39,9.2
"white",6,6.8,0.23,0.48,1.5,0.036,35,165,0.99162,3.18,0.45,11.3
"white",6,6.9,0.115,0.35,5.4,0.048,36,108,0.9939,3.32,0.42,10.2
"red",6,5,0.74,0,1.2,0.041,16,46,0.99258,4.01,0.59,12.5
"white",6,6.7,0.39,0.31,2.7,0.054,27,202,0.9948,3.46,0.57,10.5
"white",6,7.2,0.27,0.28,15.2,0.046,6,41,0.99665,3.17,0.39,10.9
"white",6,6.6,0.23,0.3,14.9,0.051,33,118,0.99835,3.04,0.54,9
"red",6,10.2,0.29,0.65,2.4,0.075,6,17,0.99565,3.22,0.63,11.8
"red",6,6.8,0.49,0.22,2.3,0.071,13,24,0.99438,3.41,0.83,11.3
"white",6,6,0.26,0.32,3.8,0.029,48,180,0.99011,3.15,0.34,12
"white",6,8.3,0.17,0.31,1.5,0.049,48,153,0.9942,3.12,0.58,9.4
"white",6,7.4,0.19,0.42,6.4,0.067,39,212,0.9958,3.3,0.33,9.6
"white",6,6.4,0.27,0.29,3.9,0.034,62,140,0.99237,3.1,0.59,11.1
"red",6,11.5,0.3,0.6,2,0.067,12,27,0.9981,3.11,0.97,10.1
"white",6,8.8,0.24,0.23,10.3,0.032,12,97,0.99571,3.13,0.4,10.7
"red",6,10,0.56,0.24,2.2,0.079,19,58,0.9991,3.18,0.56,10.1
"white",6,6.7,0.21,0.32,5.4,0.047,29,140,0.995,3.39,0.46,9.7
"white",6,7,0.33,0.78,9.9,0.042,21,251,0.99435,3.01,0.55,11
"white",6,7.1,0.2,0.34,16,0.05,51,166,0.9985,3.21,0.6,9.2
"white",6,7.4,0.18,0.36,13.1,0.056,72,163,1,3.42,0.35,9.1
"red",6,7,0.745,0.12,1.8,0.114,15,64,0.99588,3.22,0.59,9.5
"red",6,7.7,0.61,0.18,2.4,0.083,6,20,0.9963,3.29,0.6,10.2
"white",6,7.7,0.23,0.31,10.7,0.038,59,186,0.9969,3.12,0.55,9.5
"white",6,7.6,0.32,0.36,1.6,0.04,32,155,0.993,3.23,0.52,11.3
"white",6,6.6,0.34,0.28,1.3,0.035,32,90,0.9916,3.1,0.42,10.7
"white",6,6.2,0.28,0.33,1.7,0.029,24,111,0.99,3.24,0.5,12.1
"white",6,6,0.29,0.21,15.55,0.043,20,142,0.99658,3.11,0.54,10.1
"white",6,6,0.31,0.38,4.8,0.04,41,101,0.98968,3.24,0.56,13.1
"white",6,6.9,0.25,0.4,1.3,0.038,22,101,0.9901,3.03,0.39,11.4
"white",6,6.9,0.24,0.37,6.1,0.027,38,112,0.99086,3.19,0.34,12.4
"white",6,8,0.24,0.3,17.45,0.056,43,184,0.9997,3.05,0.5,9.2
"white",6,7.2,0.2,0.3,2,0.039,43,188,0.9911,3.3,0.41,12
"white",6,7,0.21,0.28,8.6,0.045,37,221,0.9954,3.25,0.54,10.4
"white",6,7.6,0.3,0.27,10.6,0.039,31,119,0.99815,3.27,0.3,9.3
"white",6,7.1,0.32,0.29,4,0.038,33,170,0.99463,3.27,0.64,10.2
"white",6,7.4,0.19,0.3,1.4,0.057,33,135,0.993,3.12,0.5,9.6
"white",6,6,0.39,0.17,12,0.046,65,246,0.9976,3.15,0.38,9
"red",6,6.8,0.56,0.22,1.8,0.074,15,24,0.99438,3.4,0.82,11.2
"red",6,6.9,0.49,0.19,1.7,0.079,13,26,0.99547,3.38,0.64,9.8
"white",6,5.3,0.36,0.27,6.3,0.028,40,132,0.99186,3.37,0.4,11.6
"white",6,5.5,0.35,0.35,1.1,0.045,14,167,0.992,3.34,0.68,9.9
"red",6,10.6,0.34,0.49,3.2,0.078,20,78,0.9992,3.19,0.7,10
"white",6,6.8,0.23,0.39,16.1,0.053,71,194,0.9988,3.18,0.64,10.2
"white",6,7.2,0.23,0.82,1.3,0.149,70,109,0.99304,2.93,0.42,9.2
"white",6,6.4,0.21,0.28,5.9,0.047,29,101,0.99278,3.15,0.4,11
"white",6,6.6,0.42,0.33,2.8,0.034,15,85,0.99,3.28,0.51,13.4
"red",6,12,0.45,0.55,2,0.073,25,49,0.9997,3.1,0.76,10.3
"white",6,6.3,0.21,0.28,1.5,0.051,46,142,0.9928,3.23,0.42,10.1
"red",6,6.4,0.47,0.4,2.4,0.071,8,19,0.9963,3.56,0.73,10.6
"white",6,6,0.35,0.51,1.2,0.029,10,102,0.9903,3.46,0.42,11.9
"red",6,7.2,0.62,0.01,2.3,0.065,8,46,0.99332,3.32,0.51,11.8
"white",6,6.7,0.23,0.26,1.4,0.06,33,154,0.9934,3.24,0.56,9.5
"red",6,11.3,0.36,0.66,2.4,0.123,3,8,0.99642,3.2,0.53,11.9
"white",6,8.4,0.27,0.46,8.7,0.048,39,197,0.9974,3.14,0.59,9.6
"white",6,6.7,0.24,0.31,2.3,0.044,37,113,0.99013,3.29,0.46,12.9
"white",6,7,0.24,0.36,4.9,0.083,10,133,0.9942,3.33,0.37,10.8
"white",6,8.1,0.26,0.3,7.8,0.049,39,152,0.9954,2.99,0.58,10
"white",6,7.2,0.28,0.54,16.7,0.045,54,200,0.999,3.08,0.49,9.5
"white",6,6.8,0.29,0.32,1.8,0.032,18,130,0.99095,3.05,0.62,11.2
"red",6,10.9,0.21,0.49,2.8,0.088,11,32,0.9972,3.22,0.68,11.7
"red",6,7.2,0.39,0.44,2.6,0.066,22,48,0.99494,3.3,0.84,11.5
"red",6,8.7,0.7,0.24,2.5,0.226,5,15,0.9991,3.32,0.6,9
"white",6,5.7,0.15,0.28,3.7,0.045,57,151,0.9913,3.22,0.27,11.2
"white",6,7,0.21,0.42,5.3,0.037,36,123,0.99321,3.14,0.52,10.9
"white",6,7.1,0.13,0.38,1.8,0.046,14,114,0.9925,3.32,0.9,11.7
"white",6,7.2,0.2,0.31,10,0.054,49,165,0.997,3.4,0.42,9.9
"white",6,8.4,0.35,0.56,13.8,0.048,55,190,0.9993,3.07,0.58,9.4
"white",6,5.7,0.33,0.32,1.4,0.043,28,93,0.9897,3.31,0.5,12.3
"white",6,6,0.27,0.26,1.3,0.038,32,138,0.99125,3.46,0.43,11.1
"white",6,5.9,0.28,0.14,8.6,0.032,30,142,0.99542,3.28,0.44,9.5
"white",6,6.5,0.29,0.26,7,0.04,18,113,0.99366,3.17,0.38,10.2
"white",6,5.8,0.23,0.31,4.5,0.046,42,124,0.99324,3.31,0.64,10.8
"white",6,8.5,0.19,0.48,1.1,0.026,23,58,0.99184,2.9,0.5,10.5
"red",6,6.8,0.67,0.15,1.8,0.118,13,20,0.9954,3.42,0.67,11.3
"red",6,7,0.43,0.3,2,0.085,6,39,0.99346,3.33,0.46,11.9
"red",6,7.1,0.69,0.08,2.1,0.063,42,52,0.99608,3.42,0.6,10.2
"white",6,6.7,0.36,0.28,8.3,0.034,29,81,0.99151,2.96,0.39,12.5
"white",6,7.1,0.26,0.32,5.9,0.037,39,97,0.9934,3.31,0.4,11.6
"red",6,8.5,0.47,0.27,1.9,0.058,18,38,0.99518,3.16,0.85,11.1
"white",6,5.6,0.25,0.19,2.4,0.049,42,166,0.992,3.25,0.43,10.4
"white",6,5.3,0.32,0.12,6.6,0.043,22,141,0.9937,3.36,0.6,10.4
"white",6,6.8,0.15,0.41,12.9,0.044,79.5,183,0.99742,3.24,0.78,10.2
"white",6,6.6,0.16,0.21,6.7,0.055,43,157,0.99384,3.15,0.52,10.8
"white",6,7.1,0.44,0.27,8.4,0.057,60,160,0.99257,3.16,0.36,11.8
"red",6,9.8,0.5,0.49,2.6,0.25,5,20,0.999,3.31,0.79,10.7
"red",6,8,0.705,0.05,1.9,0.074,8,19,0.9962,3.34,0.95,10.5
"white",6,6.6,0.24,0.38,12.75,0.034,8,74,0.99386,3.1,0.57,12.9
"white",6,6.6,0.22,0.23,17.3,0.047,37,118,0.99906,3.08,0.46,8.8
"red",6,7,0.65,0.02,2.1,0.066,8,25,0.9972,3.47,0.67,9.5
"white",6,6.4,0.26,0.25,10.7,0.046,66,179,0.99606,3.17,0.55,9.9
"red",6,7.8,0.55,0,1.7,0.07,7,17,0.99659,3.26,0.64,9.4
"red",6,8,0.77,0.32,2.1,0.079,16,74,0.99656,3.27,0.5,9.8
"red",6,6.2,0.36,0.24,2.2,0.095,19,42,0.9946,3.57,0.57,11.7
"white",6,6.6,0.26,0.25,11.6,0.045,45,178,0.99691,3.33,0.43,9.8
"white",6,6.5,0.19,0.3,0.8,0.043,33,144,0.9936,3.42,0.39,9.1
"white",6,6.9,0.21,0.33,1.4,0.056,35,136,0.9938,3.63,0.78,10.3
"white",6,6.9,0.2,0.3,4.7,0.041,40,148,0.9932,3.16,0.35,10.2
"white",6,7,0.2,0.33,4.7,0.03,25,76,0.99202,2.88,0.54,10.5
"white",6,6.6,0.18,0.28,1.7,0.041,53,161,0.99207,3.13,0.45,10.2
"white",6,6.3,0.17,0.32,4.2,0.04,37,117,0.99182,3.24,0.43,11.3
"white",6,6.8,0.24,0.29,9.5,0.042,56,157,0.99586,3.11,0.51,10.1
"red",6,9.9,0.32,0.56,2,0.073,3,8,0.99534,3.15,0.73,11.4
"white",6,6.5,0.2,0.5,18.1,0.054,50,221,0.99941,2.94,0.64,8.8
"red",6,8,0.725,0.24,2.8,0.083,10,62,0.99685,3.35,0.56,10
"white",6,7.5,0.13,0.38,1.1,0.023,42,104,0.99112,3.28,0.53,11.8
"white",6,6.6,0.39,0.39,11.9,0.057,51,221,0.99851,3.26,0.51,8.9
"white",6,6.6,0.285,0.49,11.4,0.035,57,137,0.99732,3.08,0.54,8.9
"white",6,5,0.31,0,6.4,0.046,43,166,0.994,3.3,0.63,9.9
"white",6,6.2,0.55,0.45,12,0.049,27,186,0.9974,3.17,0.5,9.3
"white",6,6.5,0.27,0.19,6.6,0.045,98,175,0.99364,3.16,0.34,10.1
"white",6,8.1,0.28,0.4,6.9,0.05,30,97,0.9951,3.26,0.44,10.1
"white",6,8.5,0.19,0.49,3.5,0.044,29,117,0.9938,3.14,0.51,10.1
"white",6,7.3,0.13,0.32,14.4,0.051,34,109,0.9974,3.2,0.35,9.2
"white",6,6.8,0.28,0.17,13.9,0.047,49,162,0.9983,3.21,0.51,9
"white",6,7.3,0.26,0.53,12.7,0.047,60.5,164.5,0.9984,3.06,0.45,9.1
"white",6,7.8,0.27,0.58,11.2,0.036,44,161,0.9977,3.06,0.41,8.9
"white",6,6.2,0.31,0.26,4.8,0.037,36,148,0.9928,3.21,0.41,10.4
"white",6,7.7,0.24,0.27,1.8,0.051,52,190,0.9928,3.23,0.5,10.8
"white",6,8.4,0.36,0.36,11.1,0.032,21,132,0.99313,2.95,0.39,13
"white",6,6.4,0.24,0.49,5.8,0.053,25,120,0.9942,3.01,0.98,10.5
"red",6,8.2,0.24,0.34,5.1,0.062,8,22,0.9974,3.22,0.94,10.9
"white",6,6.4,0.145,0.49,5.4,0.048,54,164,0.9946,3.56,0.44,10.8
"white",6,6.6,0.26,0.38,6.5,0.17,68,201,0.9956,3.19,0.38,9.4
"white",6,5.9,0.27,0.27,9,0.051,43,136,0.9941,3.25,0.53,10.7
"white",6,6.7,0.24,0.36,8.4,0.042,42,123,0.99473,3.34,0.52,10.9
"white",6,6.6,0.13,0.29,13.9,0.056,33,95,0.99702,3.17,0.39,9.4
"white",6,5.8,0.15,0.32,1.2,0.037,14,119,0.99137,3.19,0.5,10.2
"white",6,5.6,0.205,0.16,12.55,0.051,31,115,0.99564,3.4,0.38,10.8
"white",6,6.8,0.19,0.4,9.85,0.055,41,103,0.99532,2.98,0.56,10.5
"white",6,5.9,0.25,0.24,7.4,0.044,21,113,0.99462,3.38,0.58,10.5
"white",6,6.3,0.2,0.3,5.9,0.034,35,152,0.99642,3.47,0.4,8.5
"red",6,11.6,0.475,0.4,1.4,0.091,6,28,0.99704,3.07,0.65,10.0333333333333
"white",6,7.1,0.23,0.23,3.5,0.038,23,112,0.99157,3.05,0.37,11.3666666666667
"white",6,6.9,0.25,0.35,9.2,0.034,42,150,0.9947,3.21,0.36,11.5
"white",6,8.2,0.22,0.3,1.8,0.047,47,185,0.9933,3.13,0.5,10.2
"red",6,6.2,0.43,0.22,1.8,0.078,21,56,0.99633,3.52,0.6,9.5
"white",6,6.8,0.27,0.42,7.3,0.054,58,200,0.99556,3.12,0.49,9.4
"white",6,6.9,0.52,0.54,7.9,0.036,23,169,0.99267,3.26,0.47,12.2
"white",6,6.6,0.18,0.28,3.3,0.044,18,91,0.993,3.42,0.64,10.8
"red",6,8.3,0.66,0.15,1.9,0.079,17,42,0.9972,3.31,0.54,9.6
"red",6,7.2,0.67,0,2.2,0.068,10,24,0.9956,3.42,0.72,11.1
"white",6,8.4,0.2,0.38,11.8,0.055,51,170,1.0004,3.34,0.82,8.9
"white",6,6.4,0.55,0.26,9.6,0.027,20,104,0.9924,3.22,0.73,13.1
"red",6,5.9,0.61,0.08,2.1,0.071,16,24,0.99376,3.56,0.77,11.1
"white",6,5.7,0.21,0.37,4.5,0.04,58,140,0.99332,3.29,0.62,10.6
"white",6,5,0.33,0.16,1.5,0.049,10,97,0.9917,3.48,0.44,10.7
"white",6,6.2,0.16,0.47,1.4,0.029,23,81,0.99,3.26,0.42,12.2
"red",6,5.8,0.61,0.11,1.8,0.066,18,28,0.99483,3.55,0.66,10.9
"white",6,6.2,0.35,0.25,18.4,0.051,28,182,0.99946,3.13,0.62,9.3
"white",6,6.8,0.28,0.36,8,0.045,28,123,0.9928,3.02,0.37,11.4
"white",6,6.6,0.38,0.29,2.9,0.035,15,101,0.98916,3.04,0.37,12.5
"red",6,6,0.58,0.2,2.4,0.075,15,50,0.99467,3.58,0.67,12.5
"white",6,6.8,0.23,0.42,7.4,0.044,56,189,0.9958,3.22,0.48,9.3
"white",6,6.2,0.18,0.49,4.5,0.047,17,90,0.9919,3.27,0.37,11.6
"white",6,7.6,0.2,0.31,1.4,0.047,41,142,0.9934,3.43,0.53,10.1
"white",6,7.7,0.42,0.38,8.1,0.061,49,144,0.9966,3.4,0.58,11
"white",6,6.3,0.2,0.4,1.5,0.037,35,107,0.9917,3.46,0.5,11.4
"white",6,6.4,0.32,0.31,1.9,0.037,34,126,0.99,3.06,0.45,11.8
"white",6,5.7,0.23,0.28,9.65,0.025,26,121,0.9925,3.28,0.38,11.3
"white",6,6,0.22,0.28,1.1,0.034,47,90,0.98862,3.22,0.38,12.6
"white",6,7.4,0.28,0.3,5.3,0.054,44,161,0.9941,3.12,0.48,10.3
"red",6,6.8,0.56,0.03,1.7,0.084,18,35,0.9968,3.44,0.63,10
"white",6,7.8,0.19,0.26,8.9,0.039,42,182,0.996,3.18,0.46,9.9
"white",6,7.3,0.14,0.49,1.1,0.038,28,99,0.9928,3.2,0.72,10.6
"red",6,7.8,0.735,0.08,2.4,0.092,10,41,0.9974,3.24,0.71,9.8
"white",6,5.1,0.14,0.25,0.7,0.039,15,89,0.9919,3.22,0.43,9.2
"white",6,7.5,0.26,0.38,5.7,0.021,23,125,0.99338,3.13,0.62,11.1
"white",6,7.3,0.205,0.31,1.7,0.06,34,110,0.9963,3.72,0.69,10.5
"white",6,7,0.12,0.32,7.2,0.058,22,89,0.9966,3.29,0.38,9.2
"white",6,8.2,0.23,0.29,1.8,0.047,47,187,0.9933,3.13,0.5,10.2
"white",6,6.5,0.44,0.49,7.7,0.045,16,169,0.9957,3.11,0.37,8.7
"red",6,11.5,0.35,0.49,3.3,0.07,10,37,1.0003,3.32,0.91,11
"white",6,8.3,0.16,0.48,1.7,0.057,31,98,0.9943,3.15,0.41,10.3
"white",6,6.5,0.21,0.28,1.4,0.046,26,66,0.99199,3.43,0.48,11.1
"white",6,4.4,0.46,0.1,2.8,0.024,31,111,0.98816,3.48,0.34,13.1
"white",6,8.1,0.28,0.49,1,0.04,32,148,0.9936,3.13,0.41,10
"white",6,7.2,0.29,0.4,7.6,0.024,56,177,0.9928,3.04,0.32,11.5
"red",6,8.1,0.53,0.22,2.2,0.078,33,89,0.99678,3.26,0.46,9.6
"white",6,6.8,0.25,0.38,8.1,0.046,24,155,0.9956,3.33,0.59,10.2
"white",6,7.4,0.16,0.49,1.2,0.055,18,150,0.9917,3.23,0.47,11.2
"white",6,6.4,0.23,0.27,2.1,0.042,35,100,0.99094,3.03,0.63,10.9
"white",6,6,0.14,0.17,5.6,0.036,37,127,0.99373,3.05,0.57,9.8
"white",6,5.8,0.31,0.33,1.2,0.036,23,99,0.9916,3.18,0.6,10.5
"white",6,6.5,0.29,0.3,9.15,0.051,25,166,0.99339,3.24,0.56,11.35
"red",6,7,0.65,0.02,2.1,0.066,8,25,0.9972,3.47,0.67,9.5
"white",6,6.1,0.32,0.33,10.7,0.036,27,98,0.99521,3.34,0.52,10.2
"white",6,8.3,0.16,0.37,7.9,0.025,38,107,0.99306,2.93,0.37,11.9
"white",6,6.2,0.22,0.2,20.8,0.035,58,184,1.00022,3.11,0.53,9
"white",6,7.2,0.21,1,1.1,0.154,46,114,0.9931,2.95,0.43,9.2
"red",6,6.8,0.64,0.03,2.3,0.075,14,31,0.99545,3.36,0.58,10.4
"white",6,6.6,0.32,0.22,16.7,0.046,38,133,0.9979,3.22,0.67,10.4
"white",6,7.9,0.22,0.24,4.6,0.044,39,159,0.9927,2.99,0.28,11.5
"white",6,6,0.25,0.28,7.7,0.053,37,132,0.99489,3.06,0.5,9.4
"white",6,6.8,0.28,0.35,2.3,0.042,16,85,0.9906,3.19,0.56,12.4
"red",6,6.8,0.41,0.31,8.8,0.084,26,45,0.99824,3.38,0.64,10.1
"white",6,6.5,0.22,0.34,12,0.053,55,177,0.9983,3.52,0.44,9.9
"red",6,7.8,0.53,0.04,1.7,0.076,17,31,0.9964,3.33,0.56,10
"red",6,8.5,0.47,0.27,1.9,0.058,18,38,0.99518,3.16,0.85,11.1
"white",6,7.2,0.2,0.61,16.2,0.043,14,103,0.9987,3.06,0.36,9.2
"white",6,7.7,0.26,0.51,2.6,0.045,26,159,0.99126,3,0.5,11.2
"white",6,6.9,0.28,0.33,1.2,0.039,16,98,0.9904,3.07,0.39,11.7
"white",6,6,0.19,0.26,12.4,0.048,50,147,0.9972,3.3,0.36,8.9
"white",6,7.7,0.32,0.62,10.6,0.036,56,153,0.9978,3.13,0.44,8.9
"white",6,6.5,0.33,0.38,2.5,0.047,30,148,0.98964,3.17,0.43,12.7
"white",6,6.3,0.25,0.22,3.3,0.048,41,161,0.99256,3.16,0.5,10.5
"white",6,5.5,0.21,0.25,1.2,0.04,18,75,0.99006,3.31,0.56,11.3
"white",6,7.3,0.17,0.36,8.2,0.028,44,111,0.99272,3.14,0.41,12.4
"white",6,6.5,0.21,0.51,17.6,0.045,34,125,0.99966,3.2,0.47,8.8
"white",6,5.7,0.21,0.25,1.1,0.035,26,81,0.9902,3.31,0.52,11.4
"white",6,5.9,0.29,0.25,12,0.057,48,224,0.9981,3.23,0.41,9
"white",6,8.2,0.23,0.4,7.5,0.049,12,76,0.9966,3.06,0.84,9.7
"white",6,7.2,0.23,0.39,1.5,0.053,26,106,0.99166,3.18,0.47,11.1
"red",6,9,0.39,0.4,1.3,0.044,25,50,0.99478,3.2,0.83,10.9
"white",6,7.6,0.2,0.36,1.9,0.043,24,111,0.99237,3.29,0.54,11.3
"red",6,6.9,0.45,0.11,2.4,0.043,6,12,0.99354,3.3,0.65,11.4
"white",6,5.5,0.16,0.26,1.5,0.032,35,100,0.99076,3.43,0.77,12
"red",6,12.5,0.37,0.55,2.6,0.083,25,68,0.9995,3.15,0.82,10.4
"white",6,8,0.22,0.28,14,0.053,83,197,0.9981,3.14,0.45,9.8
"white",6,6.2,0.28,0.45,7.5,0.045,46,203,0.99573,3.26,0.46,9.2
"white",6,6.7,0.24,0.36,8.4,0.042,42,123,0.99473,3.34,0.52,10.9
"white",6,8,0.23,0.28,2.7,0.048,49,165,0.9952,3.26,0.72,9.5
"white",6,6,0.21,0.34,2,0.042,63,123,0.99052,3.44,0.42,11.4
"white",6,6.2,0.2,0.29,11.8,0.035,21,93,0.99364,3.18,0.34,11.9
"white",6,6.3,0.21,0.28,1.5,0.051,46,142,0.9928,3.23,0.42,10.1
"white",6,8.1,0.22,0.43,1.5,0.044,28,129,0.9938,3.22,0.45,11
"white",6,6.8,0.27,0.37,8.2,0.055,52,192,0.99586,3.11,0.52,9.5
"white",6,8.2,0.27,0.43,1.6,0.035,31,128,0.9916,3.1,0.5,12.3
"red",6,7.9,0.4,0.29,1.8,0.157,1,44,0.9973,3.3,0.92,9.5
"white",6,6.4,0.12,0.49,6.4,0.042,49,161,0.9945,3.34,0.44,10.4
"white",6,7.5,0.33,0.28,4.9,0.042,21,155,0.99385,3.36,0.57,10.9
"white",6,6.8,0.24,0.34,2.7,0.047,64.5,218.5,0.9934,3.3,0.58,9.7
"red",6,7.2,0.45,0.15,2,0.078,10,28,0.99609,3.29,0.51,9.9
"white",6,6.3,0.24,0.22,11.9,0.05,65,179,0.99659,3.06,0.58,9.3
"red",6,9.4,0.685,0.11,2.7,0.077,6,31,0.9984,3.19,0.7,10.1
"white",6,7.3,0.21,0.3,10.9,0.037,18,112,0.997,3.4,0.5,9.6
"white",6,6,0.34,0.29,6.1,0.046,29,134,0.99462,3.48,0.57,10.7
"white",6,5,0.35,0.25,7.8,0.031,24,116,0.99241,3.39,0.4,11.3
"red",6,6.6,0.58,0,2.2,0.1,50,63,0.99544,3.59,0.68,11.4
"white",6,5.5,0.16,0.31,1.2,0.026,31,68,0.9898,3.33,0.44,11.6333333333333
"red",6,11.5,0.59,0.59,2.6,0.087,13,49,0.9988,3.18,0.65,11
"red",6,12.6,0.39,0.49,2.5,0.08,8,20,0.9992,3.07,0.82,10.3
"white",6,6.6,0.28,0.34,0.8,0.037,42,119,0.9888,3.03,0.37,12.5
"red",6,10.8,0.4,0.41,2.2,0.084,7,17,0.9984,3.08,0.67,9.3
"white",6,5.4,0.185,0.19,7.1,0.048,36,110,0.99438,3.26,0.41,9.5
"white",6,6.5,0.23,0.45,2.1,0.027,43,104,0.99054,3.02,0.52,11.3
"white",6,7.4,0.21,0.27,1.2,0.041,27,99,0.9927,3.19,0.33,9.8
"white",6,7,0.13,0.37,12.85,0.042,36,105,0.99581,3.05,0.55,10.7
"white",6,7.7,0.22,0.42,1.9,0.052,10,87,0.9922,3.3,0.49,11.8
"white",6,7.2,0.23,0.38,14.3,0.058,55,194,0.9979,3.09,0.44,9
"white",6,6.8,0.3,0.27,11.6,0.028,22,97,0.99314,2.96,0.38,11.7
"red",6,7.8,0.34,0.37,2,0.082,24,58,0.9964,3.34,0.59,9.4
"white",6,7.7,0.29,0.48,2.3,0.049,36,178,0.9931,3.17,0.64,10.6
"red",6,11.5,0.18,0.51,4,0.104,4,23,0.9996,3.28,0.97,10.1
"white",6,7.8,0.16,0.41,1.7,0.026,29,140,0.991,3.02,0.78,12.5
"white",6,7.8,0.22,0.36,1.4,0.056,21,153,0.993,3.2,0.53,10.4
"white",6,7.4,0.35,0.2,13.9,0.054,63,229,0.99888,3.11,0.5,8.9
"red",6,8.1,0.72,0.09,2.8,0.084,18,49,0.9994,3.43,0.72,11.1
"red",6,8,0.62,0.33,2.7,0.088,16,37,0.9972,3.31,0.58,10.7
"white",6,7.9,0.33,0.26,1.2,0.044,23,103,0.9932,3.19,0.54,10.5
"red",6,6.1,0.48,0.09,1.7,0.078,18,30,0.99402,3.45,0.54,11.2
"white",6,6.6,0.34,0.4,8.1,0.046,68,170,0.99494,3.15,0.5,9.55
"white",6,7,0.27,0.74,1.3,0.173,34,121,0.99334,3.04,0.46,9.2
"red",6,7.3,0.4,0.3,1.7,0.08,33,79,0.9969,3.41,0.65,9.5
"white",6,6.4,0.23,0.3,7.1,0.037,63,236,0.9952,3.06,0.34,9.2
"white",6,5.1,0.31,0.3,0.9,0.037,28,152,0.992,3.54,0.56,10.1
"white",6,7.7,0.39,0.3,5.2,0.037,29,131,0.9943,3.38,0.44,11
"white",7,7,0.46,0.39,6.2,0.039,46,163,0.9928,3.21,0.35,12.2
"white",7,6.5,0.18,0.33,1.4,0.029,35,138,0.99114,3.36,0.6,11.5
"white",7,6.8,0.31,0.3,8,0.028,33,122,0.99164,3.13,0.63,12.6
"white",7,7.3,0.22,0.31,2.3,0.018,45,80,0.98936,3.06,0.34,12.9
"white",7,6.9,0.22,0.32,9.3,0.04,22,110,0.9958,3.34,0.54,10.7
"red",7,9.4,0.395,0.46,4.6,0.094,3,10,0.99639,3.27,0.64,12.2
"white",7,7.2,0.19,0.31,1.4,0.046,37,135,0.9939,3.34,0.57,10.2
"white",7,7.4,0.16,0.3,13.7,0.056,33,168,0.99825,2.9,0.44,8.7
"white",7,5.7,0.25,0.32,12.2,0.041,43,127,0.99524,3.23,0.53,10.4
"white",7,6.9,0.28,0.3,1.6,0.047,46,132,0.9918,3.35,0.38,11.1
"white",7,6.8,0.52,0.26,5.7,0.038,27,130,0.99,3.11,0.27,13
"white",7,7.7,0.27,0.34,1.8,0.028,26,168,0.9911,2.99,0.48,12.1
"white",7,5.8,0.32,0.38,4.75,0.033,23,94,0.991,3.42,0.42,11.8
"white",7,6,0.28,0.27,15.5,0.036,31,134,0.99408,3.19,0.44,13
"white",7,7.1,0.2,0.27,9.6,0.037,19,105,0.99444,3.04,0.37,10.5
"white",7,6.1,0.29,0.27,1.7,0.024,13,76,0.9893,3.21,0.51,12.6
"white",7,5.6,0.41,0.24,1.9,0.034,10,53,0.98815,3.32,0.5,13.5
"white",7,5,0.17,0.56,1.5,0.026,24,115,0.9906,3.48,0.39,10.8
"white",7,6.7,0.34,0.3,8.5,0.059,24,152,0.99615,3.46,0.64,11
"white",7,6.6,0.19,0.25,1.2,0.052,34,181,0.99352,3.3,0.42,9.4
"white",7,5.6,0.235,0.29,1.2,0.047,33,127,0.991,3.34,0.5,11
"red",7,7.8,0.32,0.44,2.7,0.104,8,17,0.99732,3.33,0.78,11
"red",7,10,0.44,0.49,2.7,0.077,11,19,0.9963,3.23,0.63,11.6
"white",7,5.3,0.4,0.25,3.9,0.031,45,130,0.99072,3.31,0.58,11.75
"white",7,5.9,0.24,0.3,2,0.033,28,92,0.99225,3.39,0.69,10.9
"red",7,5.2,0.48,0.04,1.6,0.054,19,106,0.9927,3.54,0.62,12.2
"white",7,6.9,0.18,0.36,1.3,0.036,40,117,0.9934,3.27,0.95,9.5
"white",7,5.7,0.28,0.36,1.8,0.041,38,90,0.99002,3.27,0.98,11.9
"white",7,6.6,0.16,0.4,1.5,0.044,48,143,0.9912,3.54,0.52,12.4
"white",7,6.1,0.24,0.26,1.7,0.033,61,134,0.9903,3.19,0.81,11.9
"red",7,8.3,0.28,0.48,2.1,0.093,6,12,0.99408,3.26,0.62,12.4
"white",7,6.4,0.16,0.44,1.2,0.051,39,122,0.99058,3.11,0.75,11.3
"white",7,6.7,0.18,0.37,1.3,0.027,42,125,0.98939,3.24,0.37,12.8
"white",7,6.3,0.28,0.24,8.45,0.031,32,172,0.9958,3.39,0.57,9.7
"white",7,7.4,0.3,0.22,1.4,0.046,16,135,0.9928,3.08,0.77,10.4
"red",7,10.5,0.42,0.66,2.95,0.116,12,29,0.997,3.24,0.75,11.7
"white",7,6.3,0.19,0.29,2,0.022,33,96,0.98902,3.04,0.54,12.8
"white",7,7.3,0.21,0.49,1.8,0.038,44,152,0.9912,3.32,0.44,12.6
"white",7,5.6,0.28,0.4,6.1,0.034,36,118,0.99144,3.21,0.43,12.1
"white",7,6.3,0.23,0.21,5.1,0.035,29,142,0.9942,3.36,0.33,10.1
"white",7,8.6,0.265,0.36,1.2,0.034,15,80,0.9913,2.95,0.36,11.4
"white",7,6.1,0.27,0.31,1.5,0.035,17,83,0.99076,3.32,0.44,11.1
"white",7,6.9,0.31,0.34,7.4,0.059,36,174,0.9963,3.46,0.62,11.1
"white",7,6.4,0.29,0.32,2.4,0.014,34,89,0.99008,3.24,0.66,12.5
"white",7,6.7,0.3,0.29,2.8,0.025,37,107,0.99159,3.31,0.63,11.3
"red",7,9.1,0.21,0.37,1.6,0.067,6,10,0.99552,3.23,0.58,11.1
"red",7,7.2,0.36,0.46,2.1,0.074,24,44,0.99534,3.4,0.85,11
"white",7,8.2,0.42,0.29,4.1,0.03,31,100,0.9911,3,0.32,12.8
"white",7,6.2,0.21,0.27,1.7,0.038,41,150,0.9933,3.49,0.71,10.5
"white",7,7.7,0.16,0.41,1.7,0.048,60,173,0.9932,3.24,0.66,11.2
"white",7,7.1,0.27,0.27,10.4,0.041,26,114,0.99335,3.04,0.52,11.5
"white",7,8.5,0.23,0.34,1.3,0.035,54,110,0.99176,3.07,0.55,11
"red",7,7.4,0.25,0.29,2.2,0.054,19,49,0.99666,3.4,0.76,10.9
"white",7,8.3,0.26,0.41,9.2,0.042,41,162,0.9944,3.1,0.38,12
"white",7,6.2,0.16,0.34,1.7,0.038,85,153,0.9909,3.33,0.86,12
"white",7,7,0.17,0.33,4,0.034,17,127,0.9934,3.19,0.39,10.6
"white",7,7.4,0.13,0.39,4.7,0.042,36,137,0.995,3.36,0.56,10.3
"white",7,6.6,0.33,0.4,2.65,0.041,35,86,0.98916,3.11,0.39,13.3
"white",7,6.5,0.22,0.27,1.6,0.039,36,116,0.99178,3.38,0.57,11
"white",7,7,0.35,0.3,6.5,0.028,27,87,0.9936,3.4,0.42,11.4
"white",7,6.3,0.37,0.28,6.3,0.034,45,152,0.9921,3.29,0.46,11.6
"white",7,6.9,0.23,0.34,2.7,0.032,24,121,0.9902,3.14,0.38,12.4
"white",7,7.2,0.23,0.39,14.2,0.058,49,192,0.9979,2.98,0.48,9
"white",7,6.4,0.18,0.31,1.6,0.049,36,127,0.9934,3.6,0.67,10.4
"white",7,5.4,0.5,0.13,5,0.028,12,107,0.99079,3.48,0.88,13.5
"white",7,6.3,0.23,0.21,5.1,0.035,29,142,0.9942,3.36,0.33,10.1
"white",7,6.7,0.48,0.32,1.4,0.021,22,121,0.9889,3.15,0.53,12.7
"white",7,6.5,0.18,0.41,14.2,0.039,47,129,0.99678,3.28,0.72,10.3
"white",7,6.9,0.25,0.26,5.2,0.024,36,135,0.9948,3.16,0.72,10.7
"white",7,7.2,0.18,0.31,1.1,0.045,20,73,0.9925,3.32,0.4,10.8
"white",7,7.6,0.48,0.33,7,0.024,14,130,0.9918,3.25,0.45,12.5
"white",7,7.9,0.16,0.64,17,0.05,69,210,1.0004,3.15,0.51,9.3
"white",7,6.9,0.19,0.35,6.9,0.045,51,125,0.9933,3.1,0.44,10.7
"white",7,6.5,0.24,0.36,2.2,0.027,36,134,0.9898,3.28,0.36,12.5
"white",7,6.2,0.3,0.32,1.7,0.032,30,130,0.9911,3.28,0.41,11.2
"red",7,6.2,0.39,0.43,2,0.071,14,24,0.99428,3.45,0.87,11.2
"white",7,6.7,0.48,0.32,1.4,0.021,22,121,0.9889,3.15,0.53,12.7
"red",7,7.4,0.635,0.1,2.4,0.08,16,33,0.99736,3.58,0.69,10.8
"white",7,5.9,0.4,0.32,6,0.034,50,127,0.992,3.51,0.58,12.5
"white",7,7.2,0.44,0.28,3.4,0.048,22,112,0.99188,3.21,0.37,11.3
"white",7,7.7,0.39,0.28,4.9,0.035,36,109,0.9918,3.19,0.58,12.2
"white",7,6.3,0.3,0.29,2.1,0.048,33,142,0.98956,3.22,0.46,12.9
"white",7,6.5,0.37,0.3,2.2,0.033,39,107,0.98894,3.22,0.53,13.5
"red",7,8.5,0.28,0.35,1.7,0.061,6,15,0.99524,3.3,0.74,11.8
"red",7,7.1,0.59,0,2.1,0.091,9,14,0.99488,3.42,0.55,11.5
"white",7,8.7,0.23,0.32,13.4,0.044,35,169,0.99975,3.12,0.47,8.8
"white",7,6.2,0.16,0.33,1.1,0.057,21,82,0.991,3.32,0.46,10.9
"white",7,6.5,0.16,0.33,1,0.027,23,75,0.9908,3.3,0.39,11.4
"white",7,7.4,0.2,0.31,1.6,0.038,34,116,0.9912,3.25,0.39,12
"red",7,12.9,0.35,0.49,5.8,0.066,5,35,1.0014,3.2,0.66,12
"white",7,6.7,0.3,0.29,2.8,0.025,37,107,0.99159,3.31,0.63,11.3
"white",7,8,0.22,0.42,14.6,0.044,45,163,1.0003,3.21,0.69,8.6
"white",7,6.8,0.24,0.35,6.4,0.048,44,172,0.9944,3.29,0.55,10.5
"white",7,6,0.29,0.41,10.8,0.048,55,149,0.9937,3.09,0.59,11
"white",7,6.7,0.15,0.29,5,0.058,28,105,0.9946,3.52,0.44,10.2
"white",7,7.3,0.25,0.36,13.1,0.05,35,200,0.9986,3.04,0.46,8.9
"white",7,8,0.42,0.36,5,0.037,34,101,0.992,3.13,0.57,12.3
"red",7,5.1,0.51,0.18,2.1,0.042,16,101,0.9924,3.46,0.87,12.9
"white",7,6.3,0.22,0.28,2.4,0.042,38,102,0.98998,3.14,0.37,11.6
"white",7,7.3,0.4,0.28,6.5,0.037,26,97,0.99148,3.16,0.58,12.6
"white",7,7.9,0.42,0.49,8.2,0.056,32,164,0.9965,3.29,0.6,11.2
"white",7,5.8,0.3,0.38,4.9,0.039,22,86,0.98963,3.23,0.58,13.1
"white",7,6.3,0.43,0.32,8.8,0.042,18,106,0.99172,3.28,0.33,12.9
"white",7,7.5,0.16,0.38,12.7,0.043,70.5,163,0.99706,3.15,0.82,10.4
"white",7,6.6,0.21,0.39,2.3,0.041,31,102,0.99221,3.22,0.58,10.9
"white",7,6.1,0.33,0.3,3,0.036,30,124,0.98922,3.31,0.4,13.1
"white",7,6.5,0.29,0.31,1.7,0.035,24,79,0.99053,3.27,0.69,11.4
"white",7,6.5,0.5,0.22,4.1,0.036,35,131,0.9902,3.26,0.55,13
"white",7,6.3,0.36,0.28,2.5,0.035,18,73,0.98868,3.1,0.47,12.8
"white",7,8.3,0.21,0.4,1.6,0.032,35,110,0.9907,3.02,0.6,12.9
"red",7,8.9,0.48,0.53,4,0.101,3,10,0.99586,3.21,0.59,12.1
"white",7,6.4,0.31,0.28,1.5,0.037,12,119,0.9919,3.32,0.51,10.4
"red",7,10.5,0.26,0.47,1.9,0.078,6,24,0.9976,3.18,1.04,10.9
"white",7,6.8,0.18,0.28,9.8,0.039,29,113,0.99406,3.11,0.45,10.9
"white",7,7,0.22,0.28,10.6,0.039,32,117,0.99355,3.05,0.55,11.5
"white",7,6.7,0.46,0.18,2.4,0.034,25,98,0.9896,3.08,0.44,12.6
"white",7,7.3,0.33,0.4,6.85,0.038,32,138,0.992,3.03,0.3,11.9
"white",7,7.1,0.44,0.23,5.8,0.035,24,100,0.99062,3.15,0.57,13.2
"white",7,6.5,0.18,0.41,14.2,0.039,47,129,0.99678,3.28,0.72,10.3
"red",7,12,0.39,0.66,3,0.093,12,30,0.9996,3.18,0.63,10.8
"white",7,6.4,0.44,0.44,14.4,0.048,29,228,0.99955,3.26,0.54,8.8
"white",7,6.2,0.36,0.38,3.2,0.031,20,89,0.98956,3.06,0.33,12
"white",7,6.8,0.23,0.3,1.7,0.043,19,95,0.99207,3.17,0.46,10.7
"white",7,6.3,0.37,0.28,6.3,0.034,45,152,0.9921,3.29,0.46,11.6
"red",7,5.6,0.66,0,2.2,0.087,3,11,0.99378,3.71,0.63,12.8
"white",7,6.2,0.36,0.32,4,0.036,44,92,0.98936,3.2,0.5,13.3
"white",7,6.6,0.34,0.24,3.3,0.034,29,99,0.99031,3.1,0.4,12.3
"white",7,6.2,0.2,0.33,5.4,0.028,21,75,0.99012,3.36,0.41,13.5
"white",7,7.8,0.21,0.49,1.2,0.036,20,99,0.99,3.05,0.28,12.1
"white",7,5.9,0.27,0.27,5,0.035,14,97,0.99058,3.1,0.33,11.8
"white",7,6,0.2,0.32,3,0.031,26,118,0.99134,3.38,0.68,11.2
"white",7,6.9,0.28,0.27,2.1,0.036,42,121,0.9926,3.42,0.49,10.8
"white",7,5.6,0.28,0.28,4.2,0.044,52,158,0.992,3.35,0.44,10.7
"white",7,7.9,0.22,0.38,8,0.043,46,152,0.9934,3.12,0.32,11.5
"red",7,9.8,0.34,0.39,1.4,0.066,3,7,0.9947,3.19,0.55,11.4
"white",7,6.1,0.35,0.24,2.3,0.034,25,133,0.9906,3.34,0.59,12
"white",7,7,0.31,0.31,9.1,0.036,45,140,0.99216,2.98,0.31,12
"white",7,6,0.38,0.26,3.5,0.035,38,111,0.98872,3.18,0.47,13.6
"white",7,8.2,0.35,0.4,6.3,0.039,35,162,0.9936,3.15,0.34,11.9
"red",7,12,0.28,0.49,1.9,0.074,10,21,0.9976,2.98,0.66,9.9
"white",7,6.7,0.22,0.37,1.6,0.028,24,102,0.9913,3.29,0.59,11.6
"white",7,7,0.26,0.26,10.8,0.039,37,184,0.99787,3.47,0.58,10.3
"white",7,6.1,0.36,0.27,2.1,0.035,16,100,0.9917,3.4,0.71,11.5
"white",7,7,0.25,0.45,2.3,0.045,40,118,0.99064,3.16,0.48,11.9
"white",7,6.5,0.26,0.39,1.4,0.02,12,66,0.99089,3.25,0.75,11.3
"white",7,7.7,0.44,0.24,11.2,0.031,41,167,0.9948,3.12,0.43,11.3
"white",7,6.5,0.16,0.34,1.4,0.029,29,133,0.99108,3.33,0.64,11.5
"red",7,11.1,0.31,0.53,2.2,0.06,3,10,0.99572,3.02,0.83,10.9
"white",7,7.4,0.16,0.3,13.7,0.056,33,168,0.99825,2.9,0.44,8.7
"white",7,7.4,0.16,0.27,15.5,0.05,25,135,0.9984,2.9,0.43,8.7
"white",7,7.3,0.25,0.42,14.2,0.041,57,182,0.9996,3.29,0.75,9.1
"white",7,7.8,0.28,0.32,9,0.036,34,115,0.9952,3.17,0.39,10.3
"white",7,7,0.16,0.36,2.6,0.029,28,98,0.99126,3.11,0.37,11.2
"white",7,6.2,0.2,0.26,1.1,0.047,42,119,0.99158,3.48,0.6,11
"white",7,7.8,0.32,0.33,2.4,0.037,18,101,0.9912,3.21,0.65,11.7
"white",7,7,0.35,0.3,6.5,0.028,27,87,0.9936,3.4,0.42,11.4
"white",7,7.9,0.14,0.45,1.8,0.05,17,114,0.9948,3.33,0.49,10.7
"red",7,9.4,0.27,0.53,2.4,0.074,6,18,0.9962,3.2,1.13,12
"white",7,6.1,0.22,0.4,1.85,0.031,25,111,0.98966,3.03,0.3,11.8
"white",7,6.3,0.41,0.3,3.2,0.03,49,164,0.9927,3.53,0.79,11.7
"white",7,7.4,0.2,0.35,2.1,0.038,30,116,0.9949,3.49,0.77,10.3
"red",7,11.9,0.43,0.66,3.1,0.109,10,23,1,3.15,0.85,10.4
"white",7,6.8,0.13,0.39,1.4,0.034,19,102,0.99121,3.23,0.6,11.3
"white",7,6.3,0.41,0.22,7.3,0.035,23,117,0.99172,3.2,0.39,11.94
"white",7,6.4,0.28,0.29,1.6,0.052,34,127,0.9929,3.48,0.56,10.5
"red",7,6.6,0.52,0.08,2.4,0.07,13,26,0.99358,3.4,0.72,12.5
"white",7,6.3,0.13,0.42,1.1,0.043,63,146,0.99066,3.13,0.72,11.2
"white",7,5.6,0.49,0.13,4.5,0.039,17,116,0.9907,3.42,0.9,13.7
"white",7,8.9,0.3,0.35,4.6,0.032,32,148,0.99458,3.15,0.45,11.5
"white",7,6.7,0.27,0.3,13.9,0.029,34,131,0.9953,3.36,0.5,12
"white",7,6.2,0.21,0.27,1.7,0.038,41,150,0.9933,3.49,0.71,10.5
"red",7,7.3,0.65,0,1.2,0.065,15,21,0.9946,3.39,0.47,10
"white",7,6.9,0.45,0.27,4.7,0.035,17,80,0.99058,3.12,0.36,12.5
"white",7,6.8,0.39,0.34,7.4,0.02,38,133,0.99212,3.18,0.44,12
"white",7,4.8,0.21,0.21,10.2,0.037,17,112,0.99324,3.66,0.48,12.2
"white",7,8.4,0.22,0.3,1.3,0.038,45,122,0.99178,3.13,0.54,10.8
"red",7,6.6,0.56,0.14,2.4,0.064,13,29,0.99397,3.42,0.62,11.7
"white",7,5.3,0.26,0.23,5.15,0.034,48,160,0.9952,3.82,0.51,10.5
"white",7,7,0.31,0.31,9.1,0.036,45,140,0.99216,2.98,0.31,12
"white",7,7,0.3,0.51,13.6,0.05,40,168,0.9976,3.07,0.52,9.6
"white",7,6.7,0.31,0.3,2.4,0.038,30,83,0.98867,3.09,0.36,12.8
"white",7,7.5,0.19,0.34,2.6,0.037,33,125,0.9923,3.1,0.49,11.1
"white",7,7,0.31,0.29,1.4,0.037,33,128,0.9896,3.12,0.36,12.2
"white",7,7.1,0.21,0.31,3.8,0.021,40,142,0.99215,3.17,0.39,10.8
"white",7,5.7,0.18,0.36,1.2,0.046,9,71,0.99199,3.7,0.68,10.9
"white",7,6.8,0.18,0.35,5.4,0.054,53,143,0.99287,3.1,0.54,11
"white",7,7.8,0.28,0.34,1.6,0.028,32,118,0.9901,3,0.38,12.1
"white",7,6.8,0.21,0.26,11.7,0.038,61,152,0.99523,3.02,0.56,10.5
"white",7,8,0.37,0.32,1.6,0.04,32,166,0.992,3,0.55,11.3
"white",7,7.6,0.31,0.24,1.8,0.037,39,150,0.9913,3.05,0.44,11.8
"white",7,6.3,0.13,0.42,1.1,0.043,63,146,0.99066,3.13,0.72,11.2
"white",7,5.7,0.265,0.28,6.9,0.036,46,150,0.99299,3.36,0.44,10.8
"white",7,5.9,0.37,0.32,1.6,0.029,41,102,0.98916,3.41,0.55,12.7
"white",7,5.1,0.42,0.01,1.5,0.017,25,102,0.9894,3.38,0.36,12.3
"red",7,7,0.6,0.12,2.2,0.083,13,28,0.9966,3.52,0.62,10.2
"white",7,6.9,0.48,0.36,3.5,0.03,31,135,0.9904,3.14,0.38,12.2
"red",7,8.5,0.32,0.42,2.3,0.075,12,19,0.99434,3.14,0.71,11.8
"white",7,7.5,0.34,0.28,4,0.028,46,100,0.98958,3.2,0.5,13.2
"white",7,6.4,0.17,0.34,1.5,0.091,42,135,0.9938,3.25,0.49,9.6
"red",7,10,0.31,0.47,2.6,0.085,14,33,0.99965,3.36,0.8,10.5
"white",7,7.6,0.21,0.6,2.1,0.046,47,165,0.9936,3.05,0.54,10.1
"red",7,9.8,0.66,0.39,3.2,0.083,21,59,0.9989,3.37,0.71,11.5
"red",7,6.8,0.36,0.32,1.8,0.067,4,8,0.9928,3.36,0.55,12.8
"white",7,7.3,0.25,0.36,13.1,0.05,35,200,0.9986,3.04,0.46,8.9
"red",7,12,0.37,0.76,4.2,0.066,7,38,1.0004,3.22,0.6,13
"white",7,7,0.15,0.28,14.7,0.051,29,149,0.99792,2.96,0.39,9
"white",7,7.1,0.36,0.4,1.95,0.033,26,118,0.98934,3.2,0.45,13.5
"white",7,6.4,0.26,0.24,6.4,0.04,27,124,0.9903,3.22,0.49,12.6
"white",7,6.6,0.36,0.28,6.1,0.029,12,93,0.99054,3.19,0.27,12.8
"red",7,7.5,0.52,0.16,1.9,0.085,12,35,0.9968,3.38,0.62,9.5
"red",7,8.2,0.33,0.32,2.8,0.067,4,12,0.99473,3.3,0.76,12.8
"red",7,5.4,0.835,0.08,1.2,0.046,13,93,0.9924,3.57,0.85,13
"white",7,6.3,0.22,0.34,5,0.032,36,93,0.99012,3.27,0.36,13.5
"red",7,7,0.56,0.17,1.7,0.065,15,24,0.99514,3.44,0.68,10.55
"white",7,5.8,0.19,0.33,4.2,0.038,49,133,0.99107,3.16,0.42,11.3
"white",7,5.6,0.28,0.27,3.9,0.043,52,158,0.99202,3.35,0.44,10.7
"red",7,12,0.5,0.59,1.4,0.073,23,42,0.998,2.92,0.68,10.5
"white",7,6.9,0.18,0.36,1.3,0.036,40,117,0.9934,3.27,0.95,9.5
"white",7,7.8,0.28,0.34,1.6,0.028,32,118,0.9901,3,0.38,12.1
"red",7,8.9,0.12,0.45,1.8,0.075,10,21,0.99552,3.41,0.76,11.9
"white",7,7.1,0.33,0.3,3.3,0.034,30,102,0.9912,3.08,0.31,12.3
"white",7,5.6,0.255,0.57,10.7,0.056,66,171,0.99464,3.25,0.61,10.4
"white",7,6,0.13,0.36,1.6,0.052,23,72,0.98974,3.1,0.5,11.5
"white",7,6.5,0.19,0.28,1.4,0.046,22,90,0.99038,3.18,0.51,11.7
"white",7,7,0.2,0.34,2.1,0.049,12,136,0.9922,3.25,0.46,11.6
"white",7,7.2,0.24,0.29,2.2,0.037,37,102,0.992,3.27,0.64,11
"white",7,6,0.27,0.19,1.7,0.02,24,110,0.9898,3.32,0.47,12.6
"white",7,6.5,0.28,0.25,4.8,0.029,54,128,0.99074,3.17,0.44,12.2
"white",7,7.1,0.21,0.32,2.2,0.037,28,141,0.993,3.2,0.57,10
"white",7,6.8,0.18,0.28,9.8,0.039,29,113,0.99406,3.11,0.45,10.9
"white",7,6.5,0.28,0.29,2.7,0.038,26,107,0.9912,3.32,0.41,11.6
"red",7,7.5,0.27,0.34,2.3,0.05,4,8,0.9951,3.4,0.64,11
"white",7,7.1,0.28,0.28,8.5,0.03,25,191,0.99338,3.16,0.46,12.2
"red",7,10.5,0.51,0.64,2.4,0.107,6,15,0.9973,3.09,0.66,11.8
"red",7,6.1,0.4,0.16,1.8,0.069,11,25,0.9955,3.42,0.74,10.1
"white",7,7.4,0.19,0.3,12.8,0.053,48.5,229,0.9986,3.14,0.49,9.1
"white",7,6.7,0.18,0.28,10.2,0.039,29,115,0.99469,3.11,0.45,10.9
"red",7,9.2,0.41,0.5,2.5,0.055,12,25,0.9952,3.34,0.79,13.3
"white",7,6.8,0.3,0.29,6.2,0.025,29,95,0.99071,3.03,0.32,12.9
"white",7,6.7,0.11,0.34,8.8,0.043,41,113,0.9962,3.42,0.4,9.3
"white",7,6.1,0.16,0.34,6.1,0.034,31,114,0.99365,3.32,0.58,10.1333333333333
"white",7,7.4,0.155,0.34,2.3,0.045,73.5,214,0.9934,3.18,0.61,9.9
"white",7,7.2,0.32,0.24,5.6,0.033,23,120,0.99334,2.92,0.66,10.3
"red",7,8.4,0.37,0.43,2.3,0.063,12,19,0.9955,3.17,0.81,11.2
"white",7,6.8,0.18,0.3,12.8,0.062,19,171,0.99808,3,0.52,9
"white",7,7.1,0.34,0.31,5.2,0.032,36,140,0.99166,3.35,0.47,12.3
"white",7,6,0.32,0.3,1.9,0.033,41,142,0.98912,3.29,0.42,12.8
"white",7,6.4,0.35,0.28,1.1,0.055,9,160,0.99405,3.42,0.5,9.1
"red",7,9.9,0.4,0.53,6.7,0.097,6,19,0.9986,3.27,0.82,11.7
"white",7,6.6,0.2,0.27,10.9,0.038,29,130,0.99496,3.11,0.44,10.5
"white",7,5.6,0.35,0.4,6.3,0.022,23,174,0.9922,3.54,0.5,11.6
"white",7,6.9,0.2,0.37,6.2,0.027,24,97,0.992,3.38,0.49,12.2
"white",7,6.6,0.21,0.29,5.35,0.029,43,106,0.99112,2.93,0.43,11.5
"red",7,12.8,0.615,0.66,5.8,0.083,7,42,1.0022,3.07,0.73,10
"white",7,4.2,0.17,0.36,1.8,0.029,93,161,0.98999,3.65,0.89,12
"white",7,6.5,0.15,0.44,12.6,0.052,65,158,0.99688,3.26,0.7,10.3
"white",7,6.8,0.12,0.31,5.2,0.045,29,120,0.9942,3.41,0.46,9.8
"red",7,9,0.38,0.41,2.4,0.103,6,10,0.99604,3.13,0.58,11.9
"white",7,7.2,0.36,0.36,5.7,0.038,26,98,0.9914,2.93,0.59,12.5
"white",7,7.4,0.16,0.27,15.5,0.05,25,135,0.9984,2.9,0.43,8.7
"white",7,5.8,0.17,0.36,1.3,0.036,11,70,0.99202,3.43,0.68,10.4
"white",7,7.4,0.19,0.3,12.8,0.053,48.5,229,0.9986,3.14,0.49,9.1
"white",7,7.2,0.21,0.28,2.7,0.033,38,94,0.99075,2.99,0.43,11.8
"red",7,6.7,0.28,0.28,2.4,0.012,36,100,0.99064,3.26,0.39,11.7
"red",7,8,0.59,0.16,1.8,0.065,3,16,0.9962,3.42,0.92,10.5
"white",7,6.2,0.17,0.28,4.7,0.037,39,133,0.9931,3.41,0.46,10.8
"white",7,5.9,0.34,0.31,2,0.03,38,142,0.98892,3.4,0.41,12.9
"red",7,7.2,0.37,0.32,2,0.062,15,28,0.9947,3.23,0.73,11.3
"white",7,5.9,0.24,0.28,1.3,0.032,36,95,0.98889,3.08,0.64,12.9
"white",8,6.7,0.26,0.39,1.1,0.04,45,147,0.9935,3.32,0.58,9.6
"white",8,6.5,0.35,0.36,0.8,0.034,32,111,0.98942,3.11,0.5,12.1
"white",8,6.9,0.12,0.36,2.2,0.037,18,111,0.9919,3.41,0.82,11.9
"white",8,6.6,0.29,0.31,3.9,0.027,39,96,0.99035,3.24,0.6,12.6
"white",9,6.6,0.36,0.29,1.6,0.021,24,85,0.98965,3.41,0.61,12.4
"white",8,6.5,0.44,0.47,5.45,0.014,44,137,0.98984,3.13,0.32,13
"white",8,6,0.26,0.42,5.2,0.027,70,178,0.9914,3.4,0.4,12.3
"white",8,6.1,0.28,0.27,4.7,0.03,56,140,0.99042,3.16,0.42,12.5
"white",8,8.1,0.17,0.44,14.1,0.053,43,145,1.0006,3.28,0.75,8.8
"white",8,6.2,0.28,0.28,4.3,0.026,22,105,0.989,2.98,0.64,13.1
"white",8,6.3,0.41,0.18,3.5,0.027,23,109,0.99018,3.34,0.54,12.8
"white",8,7,0.17,0.74,12.8,0.045,24,126,0.9942,3.26,0.38,12.2
"white",8,5.7,0.15,0.47,11.4,0.035,49,128,0.99456,3.03,0.34,10.5
"white",8,7.3,0.3,0.34,2.7,0.044,34,108,0.99105,3.36,0.53,12.8
"white",8,8.2,0.22,0.36,6.8,0.034,12,90,0.9944,3.01,0.38,10.5
"white",8,7.3,0.21,0.29,1.6,0.034,29,118,0.9917,3.3,0.5,11
"white",8,7.1,0.45,0.24,2.7,0.04,24,87,0.98862,2.94,0.38,13.4
"white",8,6.7,0.33,0.34,7.5,0.036,39,124,0.99123,2.99,0.32,12.4
"white",9,7.1,0.26,0.49,2.2,0.032,31,113,0.9903,3.37,0.42,12.9
"white",8,6.5,0.26,0.31,3.6,0.03,36,92,0.99026,3.22,0.62,12.6
"red",8,5.6,0.85,0.05,1.4,0.045,12,88,0.9924,3.56,0.82,12.9
"red",8,9.4,0.3,0.56,2.8,0.08,6,17,0.9964,3.15,0.92,11.7
"white",8,5.5,0.34,0.26,2.2,0.021,31,119,0.98919,3.55,0.49,13
"white",8,7.5,0.28,0.34,4.2,0.028,36,116,0.991,2.99,0.41,12.3
"white",8,6.7,0.23,0.31,2.1,0.046,30,96,0.9926,3.33,0.64,10.7
"white",8,7.3,0.25,0.36,2.1,0.034,30,177,0.99085,3.25,0.4,11.9
"white",8,6.1,0.28,0.27,4.7,0.03,56,140,0.99042,3.16,0.42,12.5
"white",8,7.6,0.2,0.3,14.2,0.056,53,212.5,0.999,3.14,0.46,8.9
"white",8,5.2,0.155,0.33,1.6,0.028,13,59,0.98975,3.3,0.84,11.9
"white",8,6.7,0.24,0.3,3.85,0.042,105,179,0.99189,3.04,0.59,11.3
"white",8,6.8,0.53,0.35,3.8,0.034,26,109,0.9906,3.26,0.57,12.7
"white",8,7,0.22,0.26,9.2,0.027,37,122,0.99228,3.06,0.34,12.5
"white",8,5.5,0.15,0.32,14,0.031,16,99,0.99437,3.26,0.38,11.5
"white",8,5,0.29,0.54,5.7,0.035,54,155,0.98976,3.27,0.34,12.9
"white",8,6.6,0.33,0.31,1.3,0.02,29,89,0.99035,3.26,0.44,12.4
"white",8,6.8,0.24,0.4,1.8,0.047,34,105,0.99,3.13,0.49,12.8
"white",8,7.3,0.17,0.24,8.1,0.121,32,162,0.99508,3.17,0.38,10.4
"white",8,7.3,0.19,0.27,13.9,0.057,45,155,0.99807,2.94,0.41,8.8
"white",8,7.8,0.18,0.46,12.6,0.042,41,143,1,3.24,0.76,8.5
"white",8,7.6,0.2,0.3,14.2,0.056,53,212.5,0.999,3.14,0.46,8.9
"white",8,6.2,0.37,0.24,6.1,0.032,19,86,0.98934,3.04,0.26,13.4
"white",8,6.8,0.26,0.42,1.7,0.049,41,122,0.993,3.47,0.48,10.5
"red",8,7.4,0.36,0.3,1.8,0.074,17,24,0.99419,3.24,0.7,11.4
"white",8,7.3,0.41,0.29,1.8,0.032,26,74,0.98889,2.96,0.35,13
"white",8,7.3,0.19,0.27,13.9,0.057,45,155,0.99807,2.94,0.41,8.8
"white",8,6.2,0.24,0.29,13.3,0.039,49,130,0.9952,3.33,0.46,11
"white",8,4.4,0.32,0.39,4.3,0.03,31,127,0.98904,3.46,0.36,12.8
"white",8,6.4,0.15,0.36,1.8,0.034,43,150,0.9922,3.42,0.69,11
"white",8,6.9,0.28,0.3,8.3,0.026,37,113,0.99139,2.99,0.38,12.3
"red",8,10.7,0.35,0.53,2.6,0.07,5,16,0.9972,3.15,0.65,11
"white",8,7.3,0.19,0.27,13.9,0.057,45,155,0.99807,2.94,0.41,8.8
"white",8,7.6,0.2,0.3,14.2,0.056,53,212.5,0.999,3.14,0.46,8.9
"white",8,7.8,0.29,0.36,7,0.042,38,161,0.9941,3.26,0.37,11.2
"red",8,5,0.42,0.24,2,0.06,19,50,0.9917,3.72,0.74,14
"white",8,6.5,0.43,0.31,3.6,0.046,19,143,0.99022,3.15,0.34,12
"white",8,7,0.12,0.29,10.3,0.039,41,98,0.99564,3.19,0.38,9.8
"white",8,6.9,0.25,0.27,9.05,0.039,37,128,0.9936,3.27,0.34,11.3
"white",8,7.3,0.19,0.27,13.9,0.057,45,155,0.99807,2.94,0.41,8.8
"white",9,6.9,0.36,0.34,4.2,0.018,57,119,0.9898,3.28,0.36,12.7
"white",8,7.3,0.23,0.37,1.9,0.041,51,165,0.9908,3.26,0.4,12.2
"white",8,5.2,0.24,0.45,3.8,0.027,21,128,0.992,3.55,0.49,11.2
"white",8,5.2,0.285,0.29,5.15,0.035,64,138,0.9895,3.19,0.34,12.4
"white",8,7,0.24,0.36,2.8,0.034,22,112,0.99,3.19,0.38,12.6
"white",8,6.4,0.22,0.32,7.2,0.028,15,83,0.993,3.13,0.55,10.9
"white",8,8.2,0.37,0.36,1,0.034,17,93,0.9906,3.04,0.32,11.7
"red",8,10.3,0.32,0.45,6.4,0.073,5,13,0.9976,3.23,0.82,12.6
